,CVE_ENT,CVE_MUN,POB_SENIOR,POB_SENIOR_PER
0,01,008,956.0,0.10008375209380234
1,01,009,2158.0,0.09597509450744941
2,01,007,5264.0,0.09175687217835417
3,01,006,4481.0,0.09404776896276708
4,01,005,9815.0,0.07554125714813476
5,01,004,1613.0,0.09488235294117647
6,01,003,7829.0,0.13440343347639486
7,01,002,4697.0,0.09114017385904999
8,01,001,102987.0,0.10852274523440711
9,01,010,1988.0,0.09533400469956362
10,01,011,3588.0,0.05787376808555253
11,02,004,169282.0,0.08805200249879976
12,02,003,11535.0,0.10637218738472888
13,02,002,122934.0,0.11710319758580748
14,02,006,7796.0,0.06631056069678824
15,02,001,53463.0,0.12046452624676943
16,02,005,14292.0,0.11263298920324691
17,03,008,19895.0,0.05666299261487108
18,03,001,9649.0,0.13214006929513428
19,03,003,37267.0,0.12752146344968707
20,03,009,2056.0,0.11389319742964768
21,03,002,6741.0,0.10529193089875355
22,04,011,4804.0,0.10240231918657941
23,04,003,23814.0,0.09569812533906649
24,04,004,8353.0,0.10685685045413841
25,04,002,37321.0,0.1269089388153443
26,04,012,1977.0,0.12924102765248088
27,04,006,4331.0,0.1027764594209777
28,04,007,1164.0,0.13405505009789243
29,04,008,1273.0,0.1111596227733147
30,04,009,5915.0,0.09871001118101563
31,04,005,3659.0,0.1146411003540433
32,04,010,2560.0,0.08072144794097244
33,04,001,7445.0,0.12569219340896812
34,05,010,9286.0,0.11268186727177856
35,05,008,433.0,0.14210699048244174
36,05,037,785.0,0.1268584356819651
37,05,031,3406.0,0.13756613756613756
38,05,038,1818.0,0.13840883136657783
39,05,013,201.0,0.11585014409221903
40,05,018,30877.0,0.12976200982555233
41,05,030,89453.0,0.10165598812670605
42,05,028,8148.0,0.12571939948465538
43,05,001,230.0,0.22504892367906065
44,05,023,1187.0,0.12310723916199959
45,05,022,3208.0,0.09683358990612455
46,05,012,286.0,0.17407181984175288
47,05,009,6522.0,0.11047683577538749
48,05,005,299.0,0.1819841752891053
49,05,004,3332.0,0.11265129488133072
50,05,002,11800.0,0.07236688785585497
51,05,034,563.0,0.08348161328588374
52,05,003,2770.0,0.12014226231783484
53,05,035,87543.0,0.12144446540740905
54,05,014,1163.0,0.12239528520311513
55,05,027,7422.0,0.06071513297284916
56,05,026,499.0,0.15405989502933004
57,05,007,1668.0,0.13118364136846244
58,05,024,5952.0,0.1338370210469509
59,05,032,6927.0,0.1639138665404638
60,05,029,328.0,0.13273978146499393
61,05,033,12742.0,0.1261072238002395
62,05,025,17040.0,0.09663863163327227
63,05,006,3416.0,0.11727547377094205
64,05,021,922.0,0.14100015292858234
65,05,011,1781.0,0.14968902336527148
66,05,036,2569.0,0.12652056143806945
67,05,016,343.0,0.19444444444444445
68,05,019,1017.0,0.1282795156407669
69,05,020,9377.0,0.13091432001898726
70,05,015,225.0,0.14204545454545456
71,05,017,12999.0,0.1098473005061815
72,06,007,20091.0,0.10517141196978501
73,06,004,2980.0,0.14301482939002735
74,06,009,13133.0,0.11291861914793001
75,06,005,4849.0,0.15508363450283047
76,06,008,1184.0,0.11572671293128726
77,06,002,25213.0,0.16054327339412156
78,06,010,15979.0,0.1066959575860365
79,06,001,3966.0,0.1435604141026569
80,06,003,3253.0,0.15017773879322285
81,06,006,909.0,0.16165747821447626
82,07,078,16605.0,0.0769198699241224
83,07,085,946.0,0.08686868686868687
84,07,017,9942.0,0.1128413501918144
85,07,088,242.0,0.1048526863084922
86,07,067,1030.0,0.08397195499755422
87,07,086,2420.0,0.0944316541148008
88,07,018,978.0,0.09878787878787879
89,07,080,2351.0,0.09064271118479392
90,07,091,1263.0,0.09292230723955268
91,07,093,2916.0,0.060545658402890244
92,07,098,583.0,0.08084870336985162
93,07,100,3373.0,0.08870479947403025
94,07,105,2179.0,0.13611944027986006
95,07,112,1787.0,0.04709075577105513
96,07,049,1553.0,0.049681691672798234
97,07,050,871.0,0.16647553516819572
98,07,051,5501.0,0.11924994580533275
99,07,072,1830.0,0.06174922391685787
100,07,110,626.0,0.08317831517406325
101,07,111,2995.0,0.06600841910387235
102,07,124,2220.0,0.09309347087683985
103,07,123,1316.0,0.12204395808216638
104,07,023,6657.0,0.06528582776780723
105,07,113,398.0,0.04693396226415095
106,07,115,908.0,0.061709936115264374
107,07,077,5663.0,0.08813870601235778
108,07,117,633.0,0.07524964336661912
109,07,118,339.0,0.0560608566231189
110,07,121,558.0,0.06400550584996559
111,07,070,1179.0,0.09614286879230205
112,07,063,373.0,0.09364800401707256
113,07,081,2963.0,0.05597430811372438
114,07,069,6939.0,0.13554587541265406
115,07,116,819.0,0.06352776915916848
116,07,090,533.0,0.11722014515064878
117,07,022,858.0,0.039151266255989046
118,07,062,1775.0,0.09610699009150468
119,07,119,208.0,0.04194394031054648
120,07,094,3513.0,0.07097113072991373
121,07,092,2460.0,0.1148137776533184
122,07,087,3620.0,0.08686888078325974
123,07,009,6068.0,0.14751428224140026
124,07,008,2768.0,0.08664350330234451
125,07,125,961.0,0.08248927038626609
126,07,114,1509.0,0.06393255094691352
127,07,089,37919.0,0.10720485374859347
128,07,084,856.0,0.09998831912159795
129,07,083,1974.0,0.10339409176618479
130,07,082,804.0,0.05181080036087125
131,07,074,4303.0,0.09598697271855272
132,07,068,3633.0,0.11381935524295873
133,07,073,819.0,0.07537272225289895
134,07,057,7378.0,0.09657320872274143
135,07,065,10571.0,0.07992288209276831
136,07,060,1089.0,0.07729982964224873
137,07,058,334.0,0.07009443861490032
138,07,059,13329.0,0.056801087526261285
139,07,037,4157.0,0.11441389370544684
140,07,035,1547.0,0.10627919758175323
141,07,056,572.0,0.0415848782260996
142,07,061,8417.0,0.08641949957390885
143,07,064,3574.0,0.06506225879268915
144,07,120,316.0,0.07323290845886443
145,07,101,65271.0,0.10803827545282853
146,07,099,8950.0,0.1076873097423927
147,07,122,2005.0,0.1286328350548534
148,07,097,11637.0,0.1266088583769434
149,07,096,6061.0,0.07258248009101251
150,07,001,1839.0,0.10220073357785929
151,07,002,2424.0,0.11440977958181904
152,07,003,3358.0,0.12483735454849623
153,07,004,2223.0,0.06147676991150443
154,07,005,1818.0,0.0741677545691906
155,07,006,3348.0,0.10549866078462265
156,07,007,844.0,0.07480280067357972
157,07,102,4878.0,0.1189060062402496
158,07,055,707.0,0.12031994554118448
159,07,054,3442.0,0.12184070796460177
160,07,053,1006.0,0.12732565498038223
161,07,052,10076.0,0.07144731150772547
162,07,048,2789.0,0.12789471270692898
163,07,047,1431.0,0.057317952415284784
164,07,103,3395.0,0.11203880931951686
165,07,104,1900.0,0.11473429951690821
166,07,106,6929.0,0.1029691493788266
167,07,010,741.0,0.10061099796334012
168,07,046,6155.0,0.1498916299344909
169,07,045,590.0,0.09388924252068746
170,07,044,2160.0,0.07448532708024415
171,07,011,2227.0,0.1104827107208414
172,07,012,5020.0,0.07767050377521971
173,07,013,2210.0,0.059308160910286345
174,07,014,1336.0,0.055040580068388745
175,07,015,5653.0,0.11280731162196679
176,07,016,2738.0,0.15540042000113513
177,07,019,16157.0,0.09722706976856142
178,07,020,5114.0,0.10244391025641025
179,07,021,2684.0,0.12094448449891852
180,07,043,1096.0,0.09999087674482256
181,07,042,964.0,0.08473235475081305
182,07,041,4105.0,0.08845267081816027
183,07,040,6170.0,0.11588595469741933
184,07,039,2100.0,0.07528770659305202
185,07,024,804.0,0.058780523468343324
186,07,025,799.0,0.10693254817987152
187,07,026,2248.0,0.04745519410609867
188,07,027,10411.0,0.092893151907205
189,07,028,704.0,0.11435997400909681
190,07,029,582.0,0.10773787486116253
191,07,030,3590.0,0.09759412804132118
192,07,031,7276.0,0.05300811586600807
193,07,038,2017.0,0.08779107725788901
194,07,036,740.0,0.09609141669912999
195,07,032,3653.0,0.11823537027446919
196,07,033,554.0,0.07646652864044168
197,07,034,7684.0,0.09498498090164036
198,07,075,2658.0,0.09219882756946131
199,07,076,2307.0,0.07718558667068152
200,07,107,7093.0,0.10805417180811358
201,07,108,12369.0,0.1129217791411043
202,07,109,3281.0,0.08144470646642671
203,07,066,1373.0,0.05202531165927778
204,07,071,3527.0,0.1164141664191174
205,07,079,3715.0,0.08889048405235327
206,08,018,984.0,0.19297901549323396
207,08,037,134989.0,0.08925187609507752
208,08,061,867.0,0.2539543057996485
209,08,062,4481.0,0.1500569285379412
210,08,041,203.0,0.15591397849462366
211,08,063,1081.0,0.2031954887218045
212,08,067,1055.0,0.22094240837696336
213,08,051,818.0,0.10065214716377507
214,08,050,8103.0,0.12323392088573905
215,08,031,5786.0,0.16310997096383165
216,08,060,1762.0,0.15213261958211016
217,08,057,572.0,0.2603550295857988
218,08,001,1403.0,0.09586607447898872
219,08,053,811.0,0.1586773625513598
220,08,007,1839.0,0.11186131386861314
221,08,055,2498.0,0.1489031950405341
222,08,004,1108.0,0.04551429510351627
223,08,025,1432.0,0.20390146660971095
224,08,023,618.0,0.0928485576923077
225,08,022,846.0,0.34446254071661236
226,08,021,19240.0,0.1278354351321542
227,08,020,794.0,0.12761170041787206
228,08,017,20497.0,0.1134700339906332
229,08,016,629.0,0.16981641468682504
230,08,044,787.0,0.18242929995363932
231,08,045,5918.0,0.13194212204311864
232,08,046,718.0,0.09881640517478668
233,08,047,575.0,0.12930065212502811
234,08,048,4403.0,0.19386227544910178
235,08,015,255.0,0.2073170731707317
236,08,013,1682.0,0.14236140499365213
237,08,012,1207.0,0.14877357327745594
238,08,011,6747.0,0.1363057839552314
239,08,010,3095.0,0.12308120575837111
240,08,009,2780.0,0.11905271722838422
241,08,008,1046.0,0.09281277728482698
242,08,049,482.0,0.17482771128037722
243,08,036,5211.0,0.12753616094373332
244,08,006,1250.0,0.2152574479076976
245,08,059,858.0,0.17146282973621102
246,08,052,3527.0,0.1437596804434662
247,08,029,4067.0,0.08051233321455438
248,08,002,3152.0,0.12101201673897186
249,08,054,1001.0,0.13008447043534763
250,08,056,482.0,0.23184223184223185
251,08,058,544.0,0.20178041543026706
252,08,065,1892.0,0.11101331925130552
253,08,066,847.0,0.13006756756756757
254,08,043,630.0,0.22975929978118162
255,08,014,429.0,0.21091445427728614
256,08,003,1633.0,0.19241192411924118
257,08,005,2658.0,0.10186640095044648
258,08,042,276.0,0.23429541595925296
259,08,040,4012.0,0.1595609290486796
260,08,039,763.0,0.18510431829209123
261,08,038,875.0,0.1757028112449799
262,08,035,1212.0,0.1101317582916856
263,08,034,1218.0,0.23441108545034642
264,08,033,199.0,0.24150485436893204
265,08,032,15553.0,0.13331676124187825
266,08,030,976.0,0.11908247925817472
267,08,028,604.0,0.14255369365116827
268,08,027,4618.0,0.09202869669190912
269,08,026,709.0,0.289624183006536
270,08,064,328.0,0.2265193370165746
271,08,024,809.0,0.21340015826958586
272,08,019,117377.0,0.1251789001294693
273,09,017,78964.0,0.17796549050718496
274,09,014,87344.0,0.20118253242520495
275,09,009,16437.0,0.10765301110128696
276,09,008,38073.0,0.15375451292696127
277,09,007,262064.0,0.14277635460036198
278,09,003,126592.0,0.20602590622136652
279,09,011,46196.0,0.11775291667622537
280,09,012,108894.0,0.15557885953983838
281,09,006,70907.0,0.175210961341257
282,09,013,60987.0,0.1379240939169294
283,09,010,122319.0,0.16112901887274628
284,09,015,93809.0,0.17184786511420008
285,09,005,203469.0,0.17340846856567216
286,09,004,25803.0,0.11853311650726275
287,09,016,71111.0,0.17157092190025816
288,09,002,78650.0,0.181973831862195
289,10,011,1030.0,0.21693344566133108
290,10,012,17792.0,0.10894417468297074
291,10,031,1153.0,0.17139884049353352
292,10,001,4589.0,0.14589559356520634
293,10,005,75853.0,0.11013987283231959
294,10,036,2834.0,0.13403963486733197
295,10,014,2964.0,0.06100899491591709
296,10,038,2954.0,0.1258306355426819
297,10,017,1686.0,0.21067099837560915
298,10,030,312.0,0.19105939987752601
299,10,033,1011.0,0.14616163076478242
300,10,021,1647.0,0.14813815434430652
301,10,024,1991.0,0.15532844437509752
302,10,037,909.0,0.09753218884120171
303,10,034,2294.0,0.08722433460076046
304,10,039,3391.0,0.12118937850684393
305,10,022,3593.0,0.14022557858174298
306,10,028,1874.0,0.155997669191709
307,10,023,4018.0,0.07837094540560573
308,10,025,738.0,0.2601339443073669
309,10,027,859.0,0.16358788802132926
310,10,035,1958.0,0.17208648268588503
311,10,010,784.0,0.2040072859744991
312,10,009,1341.0,0.13588002837166885
313,10,008,4854.0,0.1322796021256302
314,10,006,1528.0,0.15222155807929866
315,10,004,4387.0,0.12550421971105707
316,10,003,530.0,0.1297747306562194
317,10,032,5912.0,0.12014550775296198
318,10,007,39908.0,0.1070637156270959
319,10,015,2118.0,0.1642624476500698
320,10,002,429.0,0.09928257347836149
321,10,019,483.0,0.09809098294069862
322,10,026,1698.0,0.09796342237350718
323,10,013,2955.0,0.10972077825634932
324,10,016,2803.0,0.14706190975865688
325,10,018,1924.0,0.18528505392912173
326,10,020,2023.0,0.15984513274336284
327,10,029,351.0,0.16690442225392296
328,11,037,18264.0,0.0897246949242469
329,11,021,8019.0,0.16967478470620595
330,11,006,907.0,0.17126132930513596
331,11,029,4406.0,0.10732206362352024
332,11,020,165649.0,0.09623957495141514
333,11,001,11108.0,0.12068665797479357
334,11,019,7103.0,0.14344568532019306
335,11,030,11952.0,0.09977210688437554
336,11,007,60124.0,0.11536373038304273
337,11,036,1341.0,0.19973190348525469
338,11,018,5217.0,0.13452116961476973
339,11,045,1661.0,0.14906219151036526
340,11,015,20789.0,0.10688431876606684
341,11,038,1953.0,0.17277070063694266
342,11,012,4165.0,0.13497747674757754
343,11,003,20204.0,0.11570598173123729
344,11,034,726.0,0.12685654377074962
345,11,010,1531.0,0.13813949291708022
346,11,046,11210.0,0.16307589357152208
347,11,039,5905.0,0.16446177412616628
348,11,009,8351.0,0.10157390288994843
349,11,035,8734.0,0.1060723828030119
350,11,004,7224.0,0.11395759717314488
351,11,024,1742.0,0.14044989115536563
352,11,040,1890.0,0.09446693657219973
353,11,041,8604.0,0.13991608937457312
354,11,008,5644.0,0.13685741998060136
355,11,044,6475.0,0.09841771670897236
356,11,028,15847.0,0.16835943310031234
357,11,022,2789.0,0.10571201152257136
358,11,032,7449.0,0.08317514906541013
359,11,013,2606.0,0.09514421321650238
360,11,011,11900.0,0.12151784984886856
361,11,002,18338.0,0.16870750802690046
362,11,027,35783.0,0.13087335461950061
363,11,026,7132.0,0.10844509320925706
364,11,014,15765.0,0.09669524896036506
365,11,042,20185.0,0.13451824010023058
366,11,017,64480.0,0.10874386334161393
367,11,016,3005.0,0.14222832260507384
368,11,005,9749.0,0.08270064385874129
369,11,025,6832.0,0.08148660575845042
370,11,033,11854.0,0.09222319039024086
371,11,023,21087.0,0.13608027878162107
372,11,043,2620.0,0.12327671387568814
373,11,031,13055.0,0.09975472029708644
374,12,080,1244.0,0.1645720333377431
375,12,043,1672.0,0.08865793520335119
376,12,079,1390.0,0.075621565747239
377,12,012,6207.0,0.08979644980686602
378,12,013,2385.0,0.15795748062785614
379,12,018,2097.0,0.1449906658369633
380,12,007,4659.0,0.14004869690684463
381,12,006,1823.0,0.164056875449964
382,12,064,2226.0,0.19056587620922866
383,12,019,1589.0,0.10187203487626618
384,12,068,3973.0,0.15078371095677257
385,12,015,2214.0,0.1705438299183485
386,12,014,3067.0,0.19861416914907395
387,12,010,2485.0,0.0872205257800709
388,12,005,1014.0,0.129783693843594
389,12,011,9392.0,0.15477916941331576
390,12,048,5984.0,0.13422156427337775
391,12,053,7000.0,0.13965365892586384
392,12,054,2985.0,0.12365880939558391
393,12,047,980.0,0.13849632560768796
394,12,049,1722.0,0.13502705245824512
395,12,050,4685.0,0.12174523153682242
396,12,051,4381.0,0.12121295963257062
397,12,052,4399.0,0.09507240112383834
398,12,004,2421.0,0.11406360424028268
399,12,045,3234.0,0.1136890951276102
400,12,046,6625.0,0.09713079302710866
401,12,040,2898.0,0.10995181545699435
402,12,041,3046.0,0.10281856540084389
403,12,042,2116.0,0.11368398431203997
404,12,044,1699.0,0.1369940332204483
405,12,038,13319.0,0.10570551027372799
406,12,039,3777.0,0.14475146591039742
407,12,002,2994.0,0.11878595516762547
408,12,003,5132.0,0.1362900013278449
409,12,036,1254.0,0.10682340914899055
410,12,034,6329.0,0.17295657639439238
411,12,035,19975.0,0.12956224501047525
412,12,031,1073.0,0.17091430391844536
413,12,032,3295.0,0.08844687818757717
414,12,033,2293.0,0.1311184812442818
415,12,028,13492.0,0.10905093677761434
416,12,029,28130.0,0.099275111697735
417,12,008,1468.0,0.16048977806931233
418,12,009,692.0,0.1190844949234211
419,12,025,2170.0,0.12746710526315788
420,12,026,1579.0,0.19088491295938104
421,12,059,5329.0,0.17298578199052134
422,12,061,5450.0,0.1262421532973524
423,12,062,2200.0,0.09657170449058426
424,12,016,1854.0,0.14941972920696325
425,12,017,2424.0,0.15559406893895628
426,12,020,2013.0,0.09298780487804878
427,12,021,10656.0,0.14586070959264127
428,12,022,6162.0,0.15982777403122891
429,12,023,3749.0,0.14079693544146918
430,12,060,1838.0,0.13562573789846516
431,12,063,1091.0,0.10810543004359889
432,12,066,7880.0,0.08197659297789336
433,12,073,2745.0,0.15223781265598135
434,12,065,1071.0,0.1408839779005525
435,12,001,107218.0,0.13753550052208535
436,12,069,1540.0,0.12869797760320908
437,12,070,1390.0,0.17679979648944288
438,12,071,3014.0,0.10083302666354421
439,12,072,1031.0,0.08588803732089303
440,12,074,2843.0,0.1293625153569641
441,12,075,5772.0,0.10864736663780447
442,12,076,2432.0,0.06050202751449113
443,12,077,1883.0,0.13186274509803922
444,12,078,1924.0,0.09057953956970011
445,12,024,909.0,0.11544323088646177
446,12,027,3710.0,0.18064955933193746
447,12,037,1061.0,0.1728576083414793
448,12,055,14581.0,0.13809595969162577
449,12,056,5664.0,0.12296203026290081
450,12,057,10172.0,0.15592378558180173
451,12,058,8123.0,0.15093743612613114
452,12,030,2834.0,0.12737078651685393
453,12,081,1179.0,0.10095042383765733
454,12,067,3208.0,0.1444459453374758
455,13,030,11218.0,0.11371054392117907
456,13,008,6246.0,0.13380176088772733
457,13,065,1427.0,0.12126104690686608
458,13,009,2309.0,0.11640451703972575
459,13,010,3805.0,0.12069785884218874
460,13,025,4671.0,0.22594688724423162
461,13,036,1675.0,0.17726743570748227
462,13,066,1452.0,0.11141804788213629
463,13,071,1813.0,0.19953775038520802
464,13,060,2388.0,0.13643375421356338
465,13,059,4762.0,0.12528282031044463
466,13,058,2650.0,0.1519408290809013
467,13,037,3591.0,0.17130998950481824
468,13,038,1091.0,0.12288803784636179
469,13,026,1854.0,0.14522951590161365
470,13,050,3211.0,0.13582335772598453
471,13,027,3578.0,0.15661384925151012
472,13,070,2160.0,0.11328473278439188
473,13,031,2173.0,0.17681041497152156
474,13,057,1956.0,0.12917712323339056
475,13,016,7038.0,0.11648267986296156
476,13,015,2789.0,0.14353352889712315
477,13,014,3225.0,0.1996904024767802
478,13,013,4695.0,0.07515607491595966
479,13,056,4317.0,0.10912262076287253
480,13,019,2504.0,0.13242371357554603
481,13,032,1713.0,0.1627862776774684
482,13,041,5783.0,0.12246410571343865
483,13,079,1447.0,0.20627227369921597
484,13,080,3518.0,0.14257923320094026
485,13,069,13266.0,0.07882259272022911
486,13,074,3360.0,0.11737581219870048
487,13,042,1998.0,0.17256866470893073
488,13,040,1802.0,0.18352174355840717
489,13,039,1914.0,0.13362189332588661
490,13,044,3064.0,0.18078829360396506
491,13,005,2649.0,0.14036668079694786
492,13,004,1290.0,0.125084844371182
493,13,024,2271.0,0.12898279093542342
494,13,017,2177.0,0.16788771496876687
495,13,054,4991.0,0.13563974345037505
496,13,053,2683.0,0.1515904853381547
497,13,052,4653.0,0.11964207657298603
498,13,023,4966.0,0.13700066210549547
499,13,075,2175.0,0.10181630933433199
500,13,051,17477.0,0.08620017854588678
501,13,084,5503.0,0.13782653342349788
502,13,076,14708.0,0.12777676422806605
503,13,083,6496.0,0.11218181190204815
504,13,045,1184.0,0.1273803119956966
505,13,046,6142.0,0.1595656240257716
506,13,082,2657.0,0.1239099006668843
507,13,081,3862.0,0.10121871314375573
508,13,047,906.0,0.19081718618365628
509,13,068,2257.0,0.15739191073919107
510,13,022,2128.0,0.13067239791218913
511,13,021,2087.0,0.13752883031301483
512,13,055,2383.0,0.13001254842053575
513,13,048,42791.0,0.136133566208869
514,13,020,653.0,0.2518318549942152
515,13,018,3152.0,0.1376238920665415
516,13,067,6014.0,0.10907969673885443
517,13,049,2428.0,0.12968007263793196
518,13,077,19373.0,0.11506274908088782
519,13,064,1769.0,0.16334256694367497
520,13,034,1617.0,0.17067764407853073
521,13,006,3079.0,0.16068260098110845
522,13,001,2625.0,0.11788216274474582
523,13,011,3554.0,0.17938623056733294
524,13,012,4067.0,0.13495934959349593
525,13,061,8512.0,0.15133789670192907
526,13,007,1578.0,0.1257771401243424
527,13,073,4754.0,0.12602725200148454
528,13,002,4188.0,0.09091501139693911
529,13,003,7839.0,0.1285039834759516
530,13,062,3576.0,0.11448695373779415
531,13,063,9699.0,0.10711682459744218
532,13,078,2751.0,0.15065717415115004
533,13,028,16169.0,0.1275348829871984
534,13,072,1683.0,0.15144425447673895
535,13,043,1060.0,0.16919393455706305
536,13,035,1455.0,0.11125554366111026
537,13,033,584.0,0.20172711571675303
538,13,029,6597.0,0.13910384818133895
539,14,113,2306.0,0.13935218757553783
540,14,057,719.0,0.17540863625274458
541,14,056,344.0,0.18953168044077134
542,14,054,1275.0,0.23751862891207154
543,14,053,17780.0,0.10313045596654351
544,14,052,1019.0,0.18413444163353812
545,14,051,2249.0,0.07288932101766327
546,14,050,5762.0,0.1223224710752574
547,14,031,505.0,0.154434250764526
548,14,049,1218.0,0.12923076923076923
549,14,048,2722.0,0.14339900958803076
550,14,047,3063.0,0.1230416967944083
551,14,046,4038.0,0.12356937389069099
552,14,045,2992.0,0.146200830686538
553,14,044,5000.0,0.07356294781444482
554,14,042,1583.0,0.1580629056415377
555,14,041,1242.0,0.2097972972972973
556,14,040,1215.0,0.13914338066880438
557,14,039,238500.0,0.17212399567272335
558,14,038,816.0,0.19433198380566802
559,14,037,3742.0,0.1443672839506173
560,14,036,2850.0,0.1424216680825546
561,14,019,551.0,0.07823370722703393
562,14,001,2714.0,0.11710895361380798
563,14,004,888.0,0.15462301932787742
564,14,006,9624.0,0.15937468949756567
565,14,007,1445.0,0.15318562493374324
566,14,008,8599.0,0.1066754332642757
567,14,009,2192.0,0.10381245560028415
568,14,035,6677.0,0.1258884971436113
569,14,011,990.0,0.17681728880157171
570,14,016,4931.0,0.11867058144012321
571,14,018,9347.0,0.13758334927947952
572,14,020,1676.0,0.15319926873857403
573,14,021,3198.0,0.1556355849717734
574,14,022,4932.0,0.12287301626846708
575,14,023,14744.0,0.12805169314145265
576,14,024,4717.0,0.16117128506509037
577,14,026,995.0,0.15708872750236816
578,14,029,2787.0,0.1563973063973064
579,14,030,11106.0,0.20121023262555257
580,14,032,762.0,0.12736085575798095
581,14,033,3016.0,0.14208988975784415
582,14,034,492.0,0.24835941443715295
583,14,069,1662.0,0.21489526764934058
584,14,123,2453.0,0.1272368898801805
585,14,094,4638.0,0.10457015308998265
586,14,095,1546.0,0.1602570747382606
587,14,096,3284.0,0.14430090517620178
588,14,097,42070.0,0.05780831329440055
589,14,090,1394.0,0.19090660093125172
590,14,091,5618.0,0.14101759582318835
591,14,092,2191.0,0.19847812301838935
592,14,122,1137.0,0.15229038306991696
593,14,121,4524.0,0.13419155815264142
594,14,120,172228.0,0.11664683360751946
595,14,119,4444.0,0.14583880283538986
596,14,118,4181.0,0.18670179512369384
597,14,117,863.0,0.19667274384685507
598,14,116,2348.0,0.11688570290720829
599,14,093,16619.0,0.11065317264797922
600,14,098,66660.0,0.09701263376348186
601,14,099,1543.0,0.137534539620287
602,14,100,5084.0,0.1399933913426589
603,14,101,47246.0,0.0829003725129976
604,14,102,1119.0,0.18772018117765477
605,14,103,1257.0,0.16615994712491738
606,14,104,959.0,0.22942583732057417
607,14,105,3070.0,0.13023374199295804
608,14,065,2033.0,0.17855260846653787
609,14,017,2190.0,0.17003105590062112
610,14,124,7404.0,0.11424868067771503
611,14,012,800.0,0.19157088122605365
612,14,106,802.0,0.14629697190806276
613,14,107,1012.0,0.15099970158161743
614,14,108,5226.0,0.1392931392931393
615,14,109,2391.0,0.1253867533693429
616,14,110,2490.0,0.18044785854047396
617,14,111,929.0,0.14018409536743626
618,14,112,1149.0,0.18679889448870102
619,14,114,2839.0,0.14892724125268844
620,14,115,972.0,0.17592760180995476
621,14,075,632.0,0.166710630440517
622,14,077,5134.0,0.18269162337200198
623,14,078,4258.0,0.13320819646488347
624,14,079,1909.0,0.11618282514758688
625,14,073,7429.0,0.10285200055378652
626,14,074,2332.0,0.1388756550738447
627,14,076,512.0,0.1654281098546042
628,14,014,1505.0,0.17320750374036137
629,14,015,8793.0,0.13542067733440113
630,14,043,3513.0,0.15104480178863186
631,14,055,2782.0,0.12772599972453055
632,14,086,1830.0,0.08613791480348318
633,14,002,2723.0,0.10784158415841584
634,14,003,3364.0,0.14236140499365213
635,14,005,1750.0,0.10612492419648271
636,14,025,2720.0,0.13814820458123825
637,14,027,2450.0,0.13336962438758845
638,14,028,452.0,0.20867959372114497
639,14,010,793.0,0.10221706625418922
640,14,013,7731.0,0.12077989032792263
641,14,125,2161.0,0.11782345564582083
642,14,089,652.0,0.16011787819253437
643,14,088,2847.0,0.17147503463229538
644,14,087,2740.0,0.16402274768033523
645,14,085,6525.0,0.16750096264921063
646,14,084,2422.0,0.16149896645995865
647,14,083,9000.0,0.10263427984946973
648,14,082,4770.0,0.12827408164362933
649,14,081,781.0,0.22219061166429588
650,14,080,990.0,0.19465198584349194
651,14,072,1012.0,0.13300039426994348
652,14,071,473.0,0.16176470588235295
653,14,070,15937.0,0.06844261591053545
654,14,068,2045.0,0.18092541803061135
655,14,067,28393.0,0.09728994411302122
656,14,066,5543.0,0.10330047149592798
657,14,064,3487.0,0.10381683934738598
658,14,063,13127.0,0.12378123526638378
659,14,062,678.0,0.1863661352391424
660,14,061,1794.0,0.0812389620975411
661,14,060,1058.0,0.19935933672508008
662,14,059,1789.0,0.12739443138930429
663,14,058,2551.0,0.1765275759463013
664,15,044,3727.0,0.1320834957649644
665,15,061,1279.0,0.12356294077866872
666,15,014,9638.0,0.0881116068163534
667,15,049,1551.0,0.10053150116670988
668,15,062,7613.0,0.10558506580863487
669,15,103,6528.0,0.13269371493617368
670,15,100,4254.0,0.09042598418501828
671,15,052,3363.0,0.11944592434736281
672,15,015,3475.0,0.10893416927899686
673,15,016,3428.0,0.11768744850315847
674,15,017,1049.0,0.10434696110613748
675,15,018,6039.0,0.0881747433894494
676,15,019,3808.0,0.103139134909672
677,15,020,40704.0,0.13871130437153256
678,15,022,1747.0,0.11564175547759317
679,15,010,3465.0,0.10862750015674964
680,15,098,608.0,0.10599721059972106
681,15,092,6548.0,0.11191823200642659
682,15,002,15560.0,0.09072515990600967
683,15,024,15288.0,0.08548088589688393
684,15,118,17275.0,0.08473453931878826
685,15,026,2998.0,0.09446387497242965
686,15,109,62216.0,0.12049401461437306
687,15,107,1959.0,0.1517193308550186
688,15,007,2145.0,0.09060190073917634
689,15,032,2872.0,0.07671759803397799
690,15,059,3835.0,0.06718405101433027
691,15,064,3974.0,0.10758859679995668
692,15,004,1825.0,0.119024326615796
693,15,008,4430.0,0.1754872444937411
694,15,001,7502.0,0.11053158887317303
695,15,011,6708.0,0.08886062870087033
696,15,060,41732.0,0.09691570618739855
697,15,013,74812.0,0.1428598708356726
698,15,029,17362.0,0.08648567870485678
699,15,027,1108.0,0.08675227059191983
700,15,058,164512.0,0.15272073731349933
701,15,046,2080.0,0.10464355788096795
702,15,105,5309.0,0.16714942383980858
703,15,033,222028.0,0.13494255332597524
704,15,043,2656.0,0.08655130837162316
705,15,074,11257.0,0.0776751952747647
706,15,087,7982.0,0.07546848703742223
707,15,104,109805.0,0.16335119502768514
708,15,096,4051.0,0.10258553014763605
709,15,086,3594.0,0.10264465642314503
710,15,082,8835.0,0.11143765293509246
711,15,102,2159.0,0.13153405629340806
712,15,055,1323.0,0.09582096038241472
713,15,069,560.0,0.11517893870835047
714,15,097,1898.0,0.1026945135807813
715,15,080,3128.0,0.1295506316007455
716,15,095,11247.0,0.10846127140873323
717,15,054,34401.0,0.14197278658891407
718,15,094,2275.0,0.11097560975609756
719,15,093,3478.0,0.10680506080334111
720,15,078,1098.0,0.11285846438482887
721,15,077,804.0,0.12014345487148835
722,15,021,3549.0,0.09184069559816785
723,15,050,2681.0,0.09887151497270984
724,15,101,7979.0,0.0946961155484874
725,15,025,33199.0,0.08298567454137785
726,15,023,3781.0,0.09247890424361013
727,15,045,9732.0,0.11100591985947462
728,15,115,5136.0,0.09400911536983142
729,15,117,1836.0,0.13577873095695903
730,15,124,7499.0,0.07492855858196279
731,15,066,598.0,0.12226538540175833
732,15,057,121122.0,0.1451546796990535
733,15,125,1259.0,0.08459315998118659
734,15,083,1223.0,0.08655343241330503
735,15,056,3714.0,0.11198890363044264
736,15,106,98137.0,0.10777085200217876
737,15,110,6115.0,0.09928559831141419
738,15,116,511.0,0.10001957330201605
739,15,119,1897.0,0.10072744650347794
740,15,120,21286.0,0.07589809416840491
741,15,035,9723.0,0.05956114772977874
742,15,037,33442.0,0.11735476286561508
743,15,038,1145.0,0.09598457540447648
744,15,039,48000.0,0.08852642237062694
745,15,065,3997.0,0.11001623957501858
746,15,067,7076.0,0.07969994255657051
747,15,051,15695.0,0.09214628332560311
748,15,070,28948.0,0.0951961274367946
749,15,084,4653.0,0.10673732021196064
750,15,053,5875.0,0.09596537079385821
751,15,071,1890.0,0.12612612612612611
752,15,072,1521.0,0.09522915101427498
753,15,073,2191.0,0.06855015330705212
754,15,076,8587.0,0.08814592785727483
755,15,009,6506.0,0.12174173387474037
756,15,048,7417.0,0.10708304458304459
757,15,031,59108.0,0.0838181887795256
758,15,047,7450.0,0.0969723791424778
759,15,042,15297.0,0.0955232641642573
760,15,040,4115.0,0.11148438134973314
761,15,036,4854.0,0.10381333276300875
762,15,034,997.0,0.09208460330654844
763,15,041,749.0,0.11567567567567567
764,15,079,1652.0,0.11533896530056552
765,15,123,3924.0,0.13614599958365137
766,15,114,7745.0,0.07158305297792894
767,15,085,7695.0,0.1158641250338784
768,15,088,10366.0,0.09902843986740163
769,15,099,32246.0,0.11617584539670416
770,15,030,2763.0,0.09977610862342914
771,15,081,45981.0,0.08398310146245774
772,15,089,1327.0,0.11682366405493441
773,15,090,8576.0,0.09474358691089065
774,15,003,5188.0,0.10530589047213088
775,15,005,13665.0,0.07827043250642945
776,15,068,3398.0,0.11037843105408478
777,15,063,3370.0,0.09303481213593573
778,15,113,5770.0,0.0835190921460209
779,15,112,4781.0,0.09283855683715872
780,15,111,4204.0,0.07891130924448615
781,15,028,3230.0,0.10750540855383592
782,15,075,3232.0,0.11075320402988144
783,15,091,6787.0,0.10368322155853282
784,15,121,80062.0,0.1442135012599903
785,15,122,38885.0,0.09926454633409151
786,15,108,14702.0,0.0932601731739034
787,15,006,1365.0,0.10753111706317946
788,15,012,1145.0,0.08818545902649415
789,16,088,9547.0,0.08337044702348205
790,16,054,1673.0,0.20957033696605287
791,16,055,5356.0,0.11711711711711711
792,16,061,2096.0,0.08460482764188262
793,16,099,2242.0,0.1564659082978575
794,16,075,8515.0,0.10787356685880788
795,16,076,9744.0,0.12416376772812417
796,16,033,2691.0,0.1253610360570204
797,16,035,4356.0,0.14222744637084925
798,16,036,2168.0,0.18619031260735142
799,16,037,1969.0,0.24782882315921964
800,16,038,6975.0,0.16617825745121864
801,16,039,987.0,0.10948419301164726
802,16,040,2325.0,0.12646178950231166
803,16,041,1870.0,0.11656174032288226
804,16,042,2390.0,0.16710949517549992
805,16,049,2109.0,0.1104998428167243
806,16,050,10093.0,0.11300959568250271
807,16,051,2048.0,0.1464635628978045
808,16,052,19440.0,0.09918215537517283
809,16,053,109264.0,0.12868925732551442
810,16,014,2098.0,0.1232522617788744
811,16,015,2587.0,0.13176794173075942
812,16,016,4279.0,0.20410207488671595
813,16,017,4124.0,0.11759338465925293
814,16,011,1668.0,0.14279599349370772
815,16,010,2902.0,0.1427306708636632
816,16,113,4755.0,0.18139854270781675
817,16,110,7470.0,0.15243342516069788
818,16,109,762.0,0.23576732673267325
819,16,108,24972.0,0.12189788148003515
820,16,107,11768.0,0.15317132853479806
821,16,106,3899.0,0.12070086369687026
822,16,112,17834.0,0.11355185411572942
823,16,009,4362.0,0.12027131355464872
824,16,008,2801.0,0.11351110390662993
825,16,007,443.0,0.12553131198639841
826,16,006,14214.0,0.11263877772582831
827,16,005,1336.0,0.1226588321704003
828,16,004,2596.0,0.1737268286154052
829,16,003,3156.0,0.13721739130434782
830,16,002,2219.0,0.15039989155483258
831,16,111,1816.0,0.09868492555157048
832,16,101,1237.0,0.1396950875211745
833,16,100,2149.0,0.14412178928307962
834,16,095,2033.0,0.16494929006085193
835,16,094,1496.0,0.23302180685358256
836,16,093,3309.0,0.11587757388990054
837,16,092,1907.0,0.14856653162979122
838,16,034,14263.0,0.11345774468626703
839,16,089,3410.0,0.1416465896818144
840,16,085,5263.0,0.14927955525300657
841,16,084,3393.0,0.10698070374574348
842,16,105,2932.0,0.13973882375369365
843,16,074,1634.0,0.1548374869705297
844,16,073,3820.0,0.1405652045922873
845,16,071,10417.0,0.15040427375108287
846,16,018,1362.0,0.14361029101644876
847,16,019,3287.0,0.1627388850381226
848,16,020,4284.0,0.1432296890672016
849,16,103,3871.0,0.16494098598150753
850,16,021,1767.0,0.1305118546421449
851,16,022,3045.0,0.12113135492083699
852,16,067,3201.0,0.19258769027134348
853,16,072,1982.0,0.14196690781462645
854,16,086,2364.0,0.15218230977211278
855,16,087,2061.0,0.1322086086342934
856,16,070,2650.0,0.17093465780816616
857,16,069,13913.0,0.13065076533007794
858,16,068,2816.0,0.09581816325836197
859,16,066,12063.0,0.12261389278526559
860,16,065,4596.0,0.11589378924275663
861,16,064,3139.0,0.11698717948717949
862,16,063,2743.0,0.1842299684330714
863,16,062,2998.0,0.14257180901654937
864,16,060,1491.0,0.1579951255695666
865,16,059,1189.0,0.13171596322144677
866,16,058,1930.0,0.09198798913302512
867,16,057,1202.0,0.14665690580771107
868,16,090,1751.0,0.10725880551301685
869,16,091,2179.0,0.14590866479175038
870,16,046,1974.0,0.13216389930369576
871,16,047,2446.0,0.12332358576182313
872,16,048,815.0,0.14186248912097477
873,16,096,876.0,0.14670909395411155
874,16,097,3927.0,0.13515280837004406
875,16,056,3683.0,0.11298239155776428
876,16,102,41551.0,0.11645916599866586
877,16,024,2284.0,0.11094918876906636
878,16,098,3299.0,0.1280816865318166
879,16,031,2462.0,0.15280536246276066
880,16,012,5008.0,0.1099740875752119
881,16,080,2343.0,0.11813643926788686
882,16,032,2489.0,0.1583837098313713
883,16,001,1546.0,0.13680205291567119
884,16,043,7616.0,0.1107282534420843
885,16,044,2738.0,0.21149389772902827
886,16,045,6039.0,0.1670169810277117
887,16,081,1179.0,0.12990304098721903
888,16,082,8376.0,0.10530550666331405
889,16,083,3066.0,0.09165097300690521
890,16,013,1342.0,0.1462510897994769
891,16,077,3261.0,0.18447700401651865
892,16,104,3151.0,0.19862581946545638
893,16,079,5215.0,0.10451739618406285
894,16,078,2332.0,0.18201685919450517
895,16,023,1819.0,0.17461841221080926
896,16,025,4340.0,0.10700197238658778
897,16,026,689.0,0.14435365598156297
898,16,027,1109.0,0.22431229773462782
899,16,028,1277.0,0.24402828205618193
900,16,029,1793.0,0.14527629233511585
901,16,030,2588.0,0.21839662447257385
902,17,006,26205.0,0.14004531899656902
903,17,003,4680.0,0.11946699341399908
904,17,021,1236.0,0.16226860968885387
905,17,030,6107.0,0.10889217766524616
906,17,027,1498.0,0.11749019607843138
907,17,008,12733.0,0.1189410852568354
908,17,023,848.0,0.10676066977212641
909,17,004,11324.0,0.12605472315604338
910,17,007,64606.0,0.17070038787135777
911,17,031,6004.0,0.16634343658225745
912,17,020,6851.0,0.12459308563842363
913,17,019,4077.0,0.14497546404949863
914,17,005,1630.0,0.15494296577946767
915,17,012,9034.0,0.1566173156270587
916,17,017,5865.0,0.1465590484282073
917,17,009,2831.0,0.11548031817254742
918,17,015,2355.0,0.1490317681306164
919,17,013,2300.0,0.13777405055708639
920,17,011,28948.0,0.1344186629642872
921,17,032,1463.0,0.14681384846964377
922,17,014,1478.0,0.1531130218584896
923,17,024,7468.0,0.14252180385121854
924,17,018,15041.0,0.12302168276584086
925,17,029,14549.0,0.13754017772735866
926,17,016,2189.0,0.11389770539570217
927,17,034,1247.0,0.1098968890455627
928,17,033,1730.0,0.1043803547725353
929,17,035,2303.0,0.08282682970688725
930,17,022,1432.0,0.09641149936039857
931,17,025,5252.0,0.1554352008049957
932,17,036,909.0,0.11572246976448122
933,17,001,2616.0,0.14865325605182408
934,17,028,8619.0,0.11720311671358055
935,17,010,2220.0,0.12063906097163352
936,17,026,2520.0,0.12984336356141798
937,17,002,3735.0,0.14802631578947367
938,18,014,3549.0,0.14246718317209264
939,18,008,6602.0,0.10121265081482163
940,18,020,13764.0,0.0733563571245843
941,18,003,2310.0,0.20024271844660194
942,18,007,2508.0,0.12980694581025826
943,18,006,4098.0,0.13986825488924537
944,18,005,1270.0,0.10384300899427637
945,18,019,1446.0,0.10540126831401705
946,18,012,6548.0,0.1577147261428778
947,18,018,5234.0,0.17409526343799894
948,18,017,53569.0,0.12577126435702143
949,18,011,3227.0,0.1339226427622842
950,18,010,5537.0,0.16495367474007208
951,18,009,3077.0,0.06471083070452156
952,18,004,11303.0,0.1459657007076812
953,18,002,2749.0,0.1785876697200026
954,18,001,6032.0,0.16201117318435754
955,18,013,1504.0,0.19575686580762722
956,18,016,7384.0,0.198842062744042
957,18,015,15684.0,0.1668847958629936
958,19,039,193946.0,0.16968243052894416
959,19,018,13037.0,0.03282184262534459
960,19,006,40606.0,0.06185563869458188
961,19,016,482.0,0.14803439803439802
962,19,010,2810.0,0.026895614387717988
963,19,020,923.0,0.16763530693788595
964,19,019,25456.0,0.19260189605732056
965,19,021,32366.0,0.06725919707073583
966,19,048,32877.0,0.10732823630036367
967,19,011,1207.0,0.16444141689373298
968,19,022,2905.0,0.20589694521227586
969,19,008,669.0,0.1827369571155422
970,19,001,328.0,0.11028917283120376
971,19,014,5646.0,0.15645089780536467
972,19,013,1777.0,0.17895266868076537
973,19,024,965.0,0.1536134988857052
974,19,007,2755.0,0.18376467449306297
975,19,045,4301.0,0.04957010810686213
976,19,009,12403.0,0.10138388222696322
977,19,012,2762.0,0.04017629860212082
978,19,038,9394.0,0.13931897727946846
979,19,023,476.0,0.26327433628318586
980,19,029,1256.0,0.17876458867065187
981,19,028,249.0,0.17965367965367965
982,19,030,603.0,0.18283808368708307
983,19,037,713.0,0.11789021164021164
984,19,050,378.0,0.24355670103092783
985,19,034,638.0,0.1246337175229537
986,19,015,327.0,0.24044117647058824
987,19,035,305.0,0.20566419420094403
988,19,033,11279.0,0.13321758439042827
989,19,036,1130.0,0.14767381076842656
990,19,032,849.0,0.15866193234909362
991,19,043,476.0,0.20025241901556584
992,19,047,2149.0,0.13359442993907747
993,19,031,19180.0,0.04067670081841183
994,19,027,564.0,0.2879019908116386
995,19,049,7699.0,0.16456480848153215
996,19,025,3162.0,0.03095478174039883
997,19,017,6380.0,0.15597877906266044
998,19,051,833.0,0.23313741953540443
999,19,046,83997.0,0.20377778694271456
1000,19,026,103783.0,0.16136846704387672
1001,19,044,5386.0,0.15517589097928491
1002,19,042,1310.0,0.24308777138615698
1003,19,041,4459.0,0.03020511569934428
1004,19,005,2651.0,0.14703272323904604
1005,19,040,258.0,0.2847682119205298
1006,19,004,4687.0,0.13281759188415654
1007,19,003,380.0,0.27007818052594174
1008,19,002,878.0,0.25960969840331166
1009,20,084,714.0,0.17130518234165068
1010,20,481,462.0,0.2434141201264489
1011,20,517,719.0,0.11925692486316139
1012,20,524,70.0,0.21406727828746178
1013,20,378,543.0,0.14596774193548387
1014,20,054,89.0,0.2202970297029703
1015,20,542,172.0,0.1939120631341601
1016,20,489,620.0,0.12629863515991036
1017,20,544,246.0,0.23837209302325582
1018,20,490,343.0,0.11533288500336247
1019,20,333,532.0,0.16150576806314512
1020,20,334,6209.0,0.12285075483271007
1021,20,562,223.0,0.13258026159334127
1022,20,133,633.0,0.1609049313675648
1023,20,134,2777.0,0.09743859649122807
1024,20,138,136.0,0.30155210643015523
1025,20,149,248.0,0.12283308568598315
1026,20,161,555.0,0.2032967032967033
1027,20,159,540.0,0.09752573595810006
1028,20,437,1328.0,0.13757381125038848
1029,20,441,804.0,0.08706952566601689
1030,20,446,1241.0,0.20655792276964047
1031,20,447,2197.0,0.1284795321637427
1032,20,469,4082.0,0.11751835324600547
1033,20,511,506.0,0.15172413793103448
1034,20,513,1258.0,0.1393596986817326
1035,20,278,4715.0,0.12189131895972287
1036,20,457,396.0,0.11835026897788405
1037,20,163,291.0,0.18452758402029168
1038,20,166,1547.0,0.1367816091954023
1039,20,237,344.0,0.2193877551020408
1040,20,506,174.0,0.21804511278195488
1041,20,482,6311.0,0.11301934097421204
1042,20,508,383.0,0.23671199011124847
1043,20,205,2212.0,0.13020189534404614
1044,20,271,315.0,0.09862241703193488
1045,20,329,224.0,0.194275802254987
1046,20,330,594.0,0.138268156424581
1047,20,238,159.0,0.15995975855130784
1048,20,545,1250.0,0.12377463115159917
1049,20,546,1126.0,0.17615769712140175
1050,20,547,230.0,0.22885572139303484
1051,20,170,522.0,0.14108108108108108
1052,20,230,233.0,0.25
1053,20,168,151.0,0.16098081023454158
1054,20,184,19458.0,0.12203045430599804
1055,20,185,1202.0,0.13446694261103032
1056,20,186,128.0,0.24427480916030533
1057,20,214,410.0,0.2016724053123463
1058,20,220,491.0,0.18239227340267458
1059,20,227,2020.0,0.11014777250667976
1060,20,261,991.0,0.1429601846508944
1061,20,552,116.0,0.28292682926829266
1062,20,262,166.0,0.16750756811301715
1063,20,266,1074.0,0.12559934510583556
1064,20,246,123.0,0.20130932896890344
1065,20,277,1685.0,0.13643724696356274
1066,20,550,959.0,0.16637751561415684
1067,20,253,448.0,0.22167243938644235
1068,20,254,497.0,0.15497349547864048
1069,20,272,511.0,0.08173384516954575
1070,20,273,426.0,0.11157674174960712
1071,20,275,884.0,0.12132857534998627
1072,20,551,3365.0,0.11122496198849739
1073,20,357,218.0,0.25707547169811323
1074,20,553,1486.0,0.12314576945388249
1075,20,265,980.0,0.14602890776337357
1076,20,493,114.0,0.20917431192660552
1077,20,318,4738.0,0.09517878666130976
1078,20,327,2397.0,0.15485496479100716
1079,20,554,861.0,0.14583333333333334
1080,20,555,518.0,0.15150628838841768
1081,20,556,66.0,0.21568627450980393
1082,20,018,192.0,0.2553191489361702
1083,20,036,716.0,0.13622526636225266
1084,20,338,1307.0,0.12614612489141974
1085,20,344,380.0,0.13527945888216447
1086,20,366,489.0,0.13302502720348205
1087,20,377,1527.0,0.14060773480662983
1088,20,451,303.0,0.29735034347399414
1089,20,404,186.0,0.24441524310118265
1090,20,407,847.0,0.08843182292754229
1091,20,502,794.0,0.156022794262134
1092,20,005,3168.0,0.20758796933359544
1093,20,558,263.0,0.19113372093023256
1094,20,561,347.0,0.11746784021665538
1095,20,056,233.0,0.16113416320885202
1096,20,563,291.0,0.23373493975903614
1097,20,564,313.0,0.2619246861924686
1098,20,565,4375.0,0.09415891873278237
1099,20,099,73.0,0.19160104986876642
1100,20,491,370.0,0.07505070993914807
1101,20,497,469.0,0.11079612567918734
1102,20,549,2320.0,0.2023549934583515
1103,20,031,1168.0,0.1625608907446068
1104,20,279,381.0,0.12994542974079126
1105,20,401,2422.0,0.08955113510315758
1106,20,367,579.0,0.12636403317328676
1107,20,503,94.0,0.2211764705882353
1108,20,379,415.0,0.14063029481531683
1109,20,494,782.0,0.12412698412698413
1110,20,500,1410.0,0.17644850456763858
1111,20,499,334.0,0.17377731529656607
1112,20,058,2157.0,0.16954881307970446
1113,20,059,5561.0,0.11039205955334988
1114,20,177,1606.0,0.15494452484322238
1115,20,359,210.0,0.32967032967032966
1116,20,364,1722.0,0.0923126407204889
1117,20,569,409.0,0.281292984869326
1118,20,570,3057.0,0.1383696193364414
1119,20,567,571.0,0.16883500887049083
1120,20,057,5906.0,0.15467616478537569
1121,20,423,144.0,0.31788079470198677
1122,20,112,640.0,0.2484472049689441
1123,20,510,148.0,0.19473684210526315
1124,20,371,276.0,0.2799188640973631
1125,20,424,505.0,0.13313999472712892
1126,20,406,2960.0,0.13787321253900975
1127,20,410,565.0,0.16530134581626682
1128,20,435,437.0,0.12220357941834452
1129,20,417,1344.0,0.13881429456723818
1130,20,422,142.0,0.23548922056384744
1131,20,439,2501.0,0.09867045409713181
1132,20,450,894.0,0.06452544207867196
1133,20,075,664.0,0.24962406015037594
1134,20,501,296.0,0.2965931863727455
1135,20,504,219.0,0.13773584905660377
1136,20,505,1540.0,0.20049472724905612
1137,20,251,176.0,0.14461791290057519
1138,20,459,1229.0,0.2519991798236621
1139,20,477,202.0,0.1522230595327807
1140,20,484,717.0,0.16083445491251683
1141,20,485,448.0,0.1429483088704531
1142,20,492,642.0,0.23227206946454415
1143,20,495,372.0,0.12281280950808848
1144,20,534,572.0,0.16287015945330297
1145,20,537,1465.0,0.21833084947839046
1146,20,543,698.0,0.10930159724397119
1147,20,548,359.0,0.18316326530612245
1148,20,463,194.0,0.36952380952380953
1149,20,467,2660.0,0.13917957304311426
1150,20,559,3338.0,0.14470889149000737
1151,20,169,635.0,0.1493766172665255
1152,20,117,314.0,0.14188883868052418
1153,20,512,175.0,0.1589464123524069
1154,20,514,115.0,0.12221041445270989
1155,20,118,471.0,0.19715362076182502
1156,20,518,28.0,0.24778761061946902
1157,20,568,328.0,0.1935103244837758
1158,20,521,60.0,0.24
1159,20,001,126.0,0.14982164090368608
1160,20,256,48.0,0.2096069868995633
1161,20,003,517.0,0.20298390263054575
1162,20,263,412.0,0.12939698492462312
1163,20,004,209.0,0.18879855465221318
1164,20,007,691.0,0.288517745302714
1165,20,267,50.0,0.20408163265306123
1166,20,011,251.0,0.17902995720399428
1167,20,027,493.0,0.22625057365764112
1168,20,030,1572.0,0.18006872852233677
1169,20,519,512.0,0.1512108682811577
1170,20,013,615.0,0.20210318764377258
1171,20,460,700.0,0.13353681800839373
1172,20,044,6335.0,0.15476132310548688
1173,20,017,682.0,0.18907679512059883
1174,20,507,494.0,0.15657686212361333
1175,20,049,164.0,0.13851351351351351
1176,20,520,1273.0,0.1721899093737319
1177,20,019,598.0,0.21713870733478577
1178,20,022,295.0,0.36737235367372356
1179,20,024,698.0,0.19154774972557628
1180,20,025,1558.0,0.1371961958436069
1181,20,026,1443.0,0.15971223021582734
1182,20,029,651.0,0.15444839857651246
1183,20,032,242.0,0.22469823584029713
1184,20,515,8915.0,0.13160808396935295
1185,20,516,578.0,0.10988593155893536
1186,20,033,435.0,0.1485148514851485
1187,20,050,576.0,0.1536
1188,20,034,307.0,0.23835403726708074
1189,20,035,87.0,0.1324200913242009
1190,20,051,548.0,0.11502938706968933
1191,20,536,113.0,0.2516703786191537
1192,20,037,662.0,0.14963833634719712
1193,20,040,766.0,0.11996867658574785
1194,20,041,5259.0,0.16584673604541153
1195,20,042,991.0,0.11818723911747167
1196,20,045,867.0,0.10991379310344827
1197,20,053,284.0,0.2189668465690054
1198,20,046,737.0,0.25042473666326875
1199,20,047,26.0,0.32098765432098764
1200,20,048,136.0,0.09490579204466155
1201,20,522,254.0,0.2107883817427386
1202,20,456,304.0,0.18236352729454108
1203,20,060,379.0,0.1523924406915963
1204,20,061,462.0,0.1596958174904943
1205,20,062,99.0,0.19879518072289157
1206,20,063,656.0,0.15280689494525973
1207,20,065,346.0,0.3206672845227062
1208,20,069,267.0,0.08748361730013106
1209,20,070,971.0,0.15134039900249377
1210,20,071,451.0,0.13855606758832564
1211,20,072,843.0,0.10460354882739795
1212,20,074,63.0,0.13815789473684212
1213,20,076,465.0,0.1363236587510994
1214,20,190,3105.0,0.13834432364997326
1215,20,078,231.0,0.17755572636433511
1216,20,077,563.0,0.1288329519450801
1217,20,523,358.0,0.21922841396203308
1218,20,081,508.0,0.27151256012827363
1219,20,080,413.0,0.25925925925925924
1220,20,082,607.0,0.14580831131395627
1221,20,086,201.0,0.19476744186046513
1222,20,083,887.0,0.07786849266965148
1223,20,092,348.0,0.19594594594594594
1224,20,087,571.0,0.10342329288172432
1225,20,089,371.0,0.16074523396880416
1226,20,090,799.0,0.12816811036252806
1227,20,091,891.0,0.14190157668418538
1228,20,094,364.0,0.19675675675675675
1229,20,096,142.0,0.18783068783068782
1230,20,097,444.0,0.25070581592320723
1231,20,098,660.0,0.1559177888022679
1232,20,095,481.0,0.105436212187637
1233,20,100,150.0,0.3816793893129771
1234,20,101,146.0,0.19518716577540107
1235,20,102,713.0,0.1338715734134435
1236,20,233,376.0,0.2186046511627907
1237,20,103,871.0,0.14363456464379948
1238,20,104,288.0,0.10646950092421442
1239,20,105,872.0,0.11357124251107059
1240,20,107,2290.0,0.08713187733049235
1241,20,108,627.0,0.2135558583106267
1242,20,109,184.0,0.14935064935064934
1243,20,110,197.0,0.11810551558752998
1244,20,111,583.0,0.11963882618510158
1245,20,527,300.0,0.12048192771084337
1246,20,116,622.0,0.15056886952311788
1247,20,114,215.0,0.3189910979228487
1248,20,115,1108.0,0.10663073813877394
1249,20,413,4019.0,0.07901773426133459
1250,20,119,165.0,0.22448979591836735
1251,20,120,79.0,0.1759465478841871
1252,20,121,180.0,0.30201342281879195
1253,20,014,4324.0,0.15397763692044728
1254,20,015,838.0,0.15646004480955938
1255,20,123,423.0,0.14952279957582185
1256,20,125,1607.0,0.1377979763333905
1257,20,122,146.0,0.22358346094946402
1258,20,528,241.0,0.2665929203539823
1259,20,124,2156.0,0.109463850528026
1260,20,129,75.0,0.21067415730337077
1261,20,206,436.0,0.18009087154068568
1262,20,126,688.0,0.12750185322461083
1263,20,020,506.0,0.10439447080668454
1264,20,127,192.0,0.15335463258785942
1265,20,128,310.0,0.23099850968703428
1266,20,529,101.0,0.06852103120759837
1267,20,131,1462.0,0.12812198755586715
1268,20,130,714.0,0.13783783783783785
1269,20,152,315.0,0.12742718446601942
1270,20,153,503.0,0.10244399185336049
1271,20,132,222.0,0.1608695652173913
1272,20,135,1015.0,0.12331429959907667
1273,20,136,1761.0,0.14445082437863999
1274,20,137,498.0,0.1443478260869565
1275,20,139,281.0,0.12801822323462414
1276,20,140,141.0,0.17364532019704434
1277,20,141,891.0,0.10229621125143513
1278,20,160,263.0,0.18404478656403078
1279,20,142,257.0,0.30522565320665085
1280,20,143,1555.0,0.16435894725716096
1281,20,144,278.0,0.2586046511627907
1282,20,172,134.0,0.3284313725490196
1283,20,145,529.0,0.10143815915627996
1284,20,531,374.0,0.14318529862174578
1285,20,146,263.0,0.09382804138423118
1286,20,147,94.0,0.25
1287,20,148,233.0,0.10678276810265812
1288,20,150,1528.0,0.11027713625866051
1289,20,151,72.0,0.23076923076923078
1290,20,157,1678.0,0.09972068699114518
1291,20,248,1583.0,0.10166334853252842
1292,20,158,284.0,0.12718316166592028
1293,20,162,206.0,0.10068426197458455
1294,20,164,498.0,0.17285664699757028
1295,20,176,623.0,0.22862385321100917
1296,20,165,263.0,0.1614487415592388
1297,20,167,219.0,0.10190786412284783
1298,20,530,426.0,0.10859036451695131
1299,20,187,353.0,0.19524336283185842
1300,20,171,2730.0,0.15081206496519722
1301,20,188,1302.0,0.13549797065251326
1302,20,173,329.0,0.22580645161290322
1303,20,174,555.0,0.12160385626643296
1304,20,191,82.0,0.27702702702702703
1305,20,196,130.0,0.3194103194103194
1306,20,178,814.0,0.12163777644949193
1307,20,197,606.0,0.1843065693430657
1308,20,180,465.0,0.1983788395904437
1309,20,204,160.0,0.25236593059936907
1310,20,181,135.0,0.2980132450331126
1311,20,480,229.0,0.1695040710584752
1312,20,182,338.0,0.15497478220999542
1313,20,183,224.0,0.151864406779661
1314,20,189,306.0,0.0982028241335045
1315,20,192,306.0,0.20105124835742444
1316,20,193,448.0,0.1596009975062344
1317,20,194,312.0,0.22740524781341107
1318,20,195,351.0,0.33238636363636365
1319,20,199,164.0,0.3319838056680162
1320,20,200,632.0,0.17067242776127464
1321,20,201,214.0,0.11382978723404255
1322,20,202,456.0,0.09962857767096352
1323,20,203,347.0,0.09807801017524025
1324,20,210,959.0,0.16611813615104798
1325,20,208,1788.0,0.2575997694856649
1326,20,209,180.0,0.29654036243822074
1327,20,566,456.0,0.1450381679389313
1328,20,215,149.0,0.1695108077360637
1329,20,218,145.0,0.2665441176470588
1330,20,284,478.0,0.1521808341292582
1331,20,216,242.0,0.19500402900886382
1332,20,217,576.0,0.1732330827067669
1333,20,219,612.0,0.22938530734632684
1334,20,221,281.0,0.18808567603748327
1335,20,222,251.0,0.17601683029453016
1336,20,223,83.0,0.18863636363636363
1337,20,541,341.0,0.21887034659820281
1338,20,224,157.0,0.24416796267496113
1339,20,225,769.0,0.130272742673217
1340,20,016,813.0,0.08501516260587681
1341,20,226,488.0,0.16425445977785258
1342,20,228,111.0,0.1332533013205282
1343,20,229,700.0,0.0765194578049847
1344,20,231,363.0,0.11390021964229684
1345,20,232,2474.0,0.11151679062429569
1346,20,234,1041.0,0.14533016892363534
1347,20,235,691.0,0.18046487333507444
1348,20,236,170.0,0.1239067055393586
1349,20,239,228.0,0.228
1350,20,240,334.0,0.121498726809749
1351,20,241,230.0,0.22243713733075435
1352,20,242,1532.0,0.12319073657124477
1353,20,243,301.0,0.15240506329113923
1354,20,244,523.0,0.1329435688866294
1355,20,249,436.0,0.11380840511615765
1356,20,525,2106.0,0.16870944484498918
1357,20,526,1680.0,0.10067114093959731
1358,20,245,241.0,0.18202416918429004
1359,20,269,736.0,0.17064688152098306
1360,20,247,242.0,0.14947498455836936
1361,20,250,195.0,0.15738498789346247
1362,20,255,309.0,0.15629742033383914
1363,20,252,328.0,0.13758389261744966
1364,20,257,225.0,0.21387832699619772
1365,20,258,201.0,0.28796561604584525
1366,20,259,413.0,0.19281045751633988
1367,20,260,348.0,0.15883158375171155
1368,20,268,160.0,0.1392515230635335
1369,20,276,171.0,0.24746743849493488
1370,20,281,103.0,0.3377049180327869
1371,20,274,233.0,0.17545180722891565
1372,20,532,717.0,0.176340383669454
1373,20,280,432.0,0.21481849825957236
1374,20,533,359.0,0.13169479090242112
1375,20,368,315.0,0.15239477503628446
1376,20,282,122.0,0.18683001531393567
1377,20,052,1105.0,0.1842895263509006
1378,20,283,230.0,0.22030651340996169
1379,20,535,351.0,0.10876975519057949
1380,20,286,646.0,0.20838709677419354
1381,20,285,428.0,0.11668484187568157
1382,20,288,76.0,0.12991452991452992
1383,20,289,241.0,0.1985172981878089
1384,20,290,182.0,0.174496644295302
1385,20,292,183.0,0.12119205298013246
1386,20,380,379.0,0.16904549509366637
1387,20,294,1120.0,0.15920398009950248
1388,20,043,13073.0,0.11510962402042793
1389,20,295,1540.0,0.1536926147704591
1390,20,538,111.0,0.15568022440392706
1391,20,296,264.0,0.2764397905759162
1392,20,297,277.0,0.10069065794256633
1393,20,304,184.0,0.2569832402234637
1394,20,299,170.0,0.1511111111111111
1395,20,300,838.0,0.12635705669481304
1396,20,308,368.0,0.11127910492893861
1397,20,301,331.0,0.20765370138017566
1398,20,311,145.0,0.3002070393374741
1399,20,302,469.0,0.10287343715727133
1400,20,303,249.0,0.2303422756706753
1401,20,305,810.0,0.18693745672744058
1402,20,321,154.0,0.20505992010652463
1403,20,332,134.0,0.35924932975871315
1404,20,307,1563.0,0.1605546995377504
1405,20,312,1450.0,0.12855749623193546
1406,20,313,209.0,0.2863013698630137
1407,20,314,246.0,0.14017094017094017
1408,20,079,12035.0,0.14253061417845045
1409,20,331,269.0,0.2739307535641548
1410,20,315,340.0,0.17904160084254872
1411,20,316,131.0,0.17750677506775067
1412,20,207,2272.0,0.11937788986969315
1413,20,317,230.0,0.18297533810660302
1414,20,356,406.0,0.18632400183570444
1415,20,319,187.0,0.19238683127572018
1416,20,320,169.0,0.23937677053824363
1417,20,322,165.0,0.2099236641221374
1418,20,323,304.0,0.1264559068219634
1419,20,325,1358.0,0.11383067896060352
1420,20,326,606.0,0.11995249406175772
1421,20,328,127.0,0.08813324080499653
1422,20,335,112.0,0.12918108419838523
1423,20,336,358.0,0.21096051856216852
1424,20,339,665.0,0.1527682058350563
1425,20,340,571.0,0.3268460217515741
1426,20,341,48.0,0.1991701244813278
1427,20,342,369.0,0.08989037758830694
1428,20,343,416.0,0.208104052026013
1429,20,345,660.0,0.15759312320916904
1430,20,346,313.0,0.20298313878080415
1431,20,347,480.0,0.1142313184198001
1432,20,539,765.0,0.12051039697542533
1433,20,211,329.0,0.09645265318088538
1434,20,212,339.0,0.10875842155919153
1435,20,213,432.0,0.10278372591006424
1436,20,348,1412.0,0.17236328125
1437,20,349,382.0,0.1745089081772499
1438,20,540,1045.0,0.12551044919529186
1439,20,350,2036.0,0.12063040644626141
1440,20,352,339.0,0.06862348178137652
1441,20,353,325.0,0.13507896924355778
1442,20,354,102.0,0.2138364779874214
1443,20,355,152.0,0.22320117474302498
1444,20,358,484.0,0.24719101123595505
1445,20,360,691.0,0.17357447877417734
1446,20,361,163.0,0.19757575757575757
1447,20,362,369.0,0.2468227424749164
1448,20,363,446.0,0.16672897196261682
1449,20,369,362.0,0.16507067943456452
1450,20,370,138.0,0.2084592145015106
1451,20,381,475.0,0.16156462585034015
1452,20,372,388.0,0.2948328267477204
1453,20,373,102.0,0.2531017369727047
1454,20,374,189.0,0.1148936170212766
1455,20,293,1601.0,0.09353820986211732
1456,20,375,1179.0,0.08931818181818182
1457,20,376,92.0,0.25205479452054796
1458,20,382,238.0,0.20135363790186125
1459,20,383,112.0,0.18823529411764706
1460,20,384,658.0,0.13725490196078433
1461,20,386,1717.0,0.08999423449866345
1462,20,387,569.0,0.19681771013490143
1463,20,179,300.0,0.2073255010366275
1464,20,388,269.0,0.09576361694553222
1465,20,390,6024.0,0.11961399467852746
1466,20,408,100.0,0.20040080160320642
1467,20,391,347.0,0.10281481481481482
1468,20,418,1933.0,0.16472092032381763
1469,20,392,1139.0,0.16934284864704133
1470,20,393,497.0,0.11909896956625929
1471,20,394,461.0,0.16487839771101573
1472,20,395,473.0,0.2903621853898097
1473,20,396,577.0,0.17704817428659098
1474,20,397,4474.0,0.11150711561947013
1475,20,398,921.0,0.18896183832581043
1476,20,399,3341.0,0.07969752629946805
1477,20,400,388.0,0.22650321074138938
1478,20,402,144.0,0.13495782567947517
1479,20,154,368.0,0.1580077286389008
1480,20,155,113.0,0.10660377358490566
1481,20,156,639.0,0.17378297525156378
1482,20,403,373.0,0.09944014929352173
1483,20,419,119.0,0.20101351351351351
1484,20,405,366.0,0.20165289256198346
1485,20,409,1383.0,0.15471529253831526
1486,20,264,364.0,0.16781927155371137
1487,20,411,144.0,0.15859030837004406
1488,20,106,54.0,0.21686746987951808
1489,20,198,5512.0,0.18495402993087712
1490,20,365,251.0,0.23701605288007555
1491,20,002,6085.0,0.13472225297230278
1492,20,006,2419.0,0.11820758405003909
1493,20,008,212.0,0.2888283378746594
1494,20,009,763.0,0.11127315152399009
1495,20,010,2505.0,0.1859136113997328
1496,20,055,678.0,0.18133190692698584
1497,20,412,367.0,0.11548143486469478
1498,20,414,1766.0,0.1472280116715298
1499,20,415,685.0,0.14042640426404265
1500,20,287,95.0,0.30944625407166126
1501,20,291,613.0,0.14229340761374187
1502,20,298,1921.0,0.1413851475675278
1503,20,385,9540.0,0.09501802752933208
1504,20,416,132.0,0.28633405639913234
1505,20,420,148.0,0.08814770696843359
1506,20,023,2780.0,0.10341492448478536
1507,20,306,434.0,0.09325311559948432
1508,20,310,1024.0,0.07036833424958769
1509,20,421,773.0,0.16481876332622603
1510,20,309,1368.0,0.13194444444444445
1511,20,324,5222.0,0.10833125881669571
1512,20,337,983.0,0.17503561253561253
1513,20,351,490.0,0.1748750892219843
1514,20,425,284.0,0.1379980563654033
1515,20,426,1042.0,0.11620385859261738
1516,20,427,2002.0,0.11983718424518137
1517,20,428,240.0,0.1079136690647482
1518,20,432,170.0,0.18826135105204872
1519,20,429,309.0,0.2038258575197889
1520,20,430,73.0,0.2302839116719243
1521,20,431,272.0,0.14863387978142076
1522,20,021,1799.0,0.12417172832689122
1523,20,175,292.0,0.2050561797752809
1524,20,270,271.0,0.20671243325705568
1525,20,433,231.0,0.08574610244988864
1526,20,436,196.0,0.21875
1527,20,442,51.0,0.204
1528,20,434,650.0,0.16311166875784192
1529,20,438,220.0,0.11963023382272975
1530,20,440,213.0,0.2623152709359606
1531,20,444,91.0,0.1891891891891892
1532,20,443,92.0,0.2119815668202765
1533,20,445,219.0,0.1288993525603296
1534,20,448,174.0,0.07047387606318348
1535,20,449,696.0,0.21129326047358835
1536,20,452,755.0,0.1707758425695544
1537,20,453,658.0,0.16794282797345583
1538,20,454,432.0,0.12148481439820022
1539,20,455,435.0,0.14979338842975207
1540,20,458,302.0,0.2610198789974071
1541,20,461,188.0,0.3567362428842505
1542,20,462,716.0,0.15565217391304348
1543,20,464,91.0,0.2668621700879765
1544,20,465,190.0,0.11613691931540342
1545,20,466,1036.0,0.07463976945244957
1546,20,468,1532.0,0.10790252148189886
1547,20,470,777.0,0.17683204369594901
1548,20,471,72.0,0.16705336426914152
1549,20,472,664.0,0.19756024992561738
1550,20,473,215.0,0.1665375677769171
1551,20,474,608.0,0.17674418604651163
1552,20,475,1476.0,0.14506142506142505
1553,20,476,85.0,0.20190023752969122
1554,20,389,193.0,0.21255506607929514
1555,20,478,513.0,0.32082551594746717
1556,20,479,63.0,0.3620689655172414
1557,20,012,1145.0,0.10254343542898084
1558,20,028,3560.0,0.15379298427509935
1559,20,039,9156.0,0.1169154546499304
1560,20,064,1309.0,0.1541087826701201
1561,20,066,1136.0,0.2126544365406215
1562,20,067,39458.0,0.14562565739698474
1563,20,068,3068.0,0.1291735084838533
1564,20,073,4576.0,0.13205586979106546
1565,20,085,2351.0,0.08975337863632893
1566,20,088,466.0,0.16174939257202361
1567,20,483,1348.0,0.12382877089840162
1568,20,486,402.0,0.16618437370814387
1569,20,093,122.0,0.23552123552123552
1570,20,113,378.0,0.1192805301356895
1571,20,498,957.0,0.126037139470565
1572,20,487,306.0,0.15564598168870802
1573,20,488,30.0,0.23076923076923078
1574,20,496,294.0,0.15530903328050713
1575,20,509,913.0,0.08020028109627547
1576,20,557,2516.0,0.1730160913216889
1577,20,560,1219.0,0.18849543837946497
1578,20,038,341.0,0.18090185676392573
1579,21,169,2986.0,0.13371546280954727
1580,21,179,3367.0,0.10641929264515314
1581,21,202,1556.0,0.11946257197696737
1582,21,203,797.0,0.11103371412649764
1583,21,193,900.0,0.13897467572575664
1584,21,192,1006.0,0.16981769074949357
1585,21,215,726.0,0.1599471249173827
1586,21,191,1676.0,0.16979029480295815
1587,21,216,474.0,0.1933115823817292
1588,21,199,3363.0,0.07831311273082923
1589,21,198,208.0,0.15853658536585366
1590,21,105,836.0,0.16466417175497342
1591,21,132,16969.0,0.10895863565732192
1592,21,200,628.0,0.18239907057798432
1593,21,148,1065.0,0.0926248043137937
1594,21,204,895.0,0.11291950542518295
1595,21,147,1166.0,0.18388266834884087
1596,21,016,1147.0,0.12714776632302405
1597,21,021,180.0,0.11904761904761904
1598,21,026,2179.0,0.14268875646650514
1599,21,027,928.0,0.2248062015503876
1600,21,152,1705.0,0.13498535349536853
1601,21,206,720.0,0.1549386701097482
1602,21,211,1924.0,0.11485195797516715
1603,21,212,2339.0,0.11290244726553073
1604,21,205,2108.0,0.0798726886935435
1605,21,009,478.0,0.21658359764386045
1606,21,076,3493.0,0.12655797101449276
1607,21,071,11414.0,0.10980701518095934
1608,21,070,1198.0,0.19603992799869088
1609,21,067,1974.0,0.10508943781942079
1610,21,023,903.0,0.09976798143851508
1611,21,012,1065.0,0.1615839781520255
1612,21,066,1332.0,0.20647961556347852
1613,21,065,1998.0,0.08804089186569138
1614,21,064,2865.0,0.1607383303411131
1615,21,063,1660.0,0.112420425301368
1616,21,059,571.0,0.2006324666198173
1617,21,058,1950.0,0.09284830016188934
1618,21,057,829.0,0.12397188574846718
1619,21,056,361.0,0.2741078208048595
1620,21,055,912.0,0.179456906729634
1621,21,051,5721.0,0.1544963543073184
1622,21,050,2184.0,0.08110516934046345
1623,21,143,3194.0,0.09157110091743119
1624,21,172,3589.0,0.13187095825984715
1625,21,054,2475.0,0.0702665871731539
1626,21,127,891.0,0.24708818635607321
1627,21,159,1051.0,0.2739833159541189
1628,21,156,31536.0,0.0963484381874175
1629,21,155,979.0,0.14333821376281114
1630,21,154,6648.0,0.08230676851840388
1631,21,153,2416.0,0.10226455026455027
1632,21,151,1000.0,0.10735373054213634
1633,21,097,315.0,0.11806596701649176
1634,21,024,266.0,0.2725409836065574
1635,21,074,7521.0,0.08283587021168799
1636,21,166,1350.0,0.15137923301188608
1637,21,167,1280.0,0.12339728140364407
1638,21,108,1798.0,0.09033813997889766
1639,21,109,2670.0,0.13169576797869192
1640,21,110,4187.0,0.08336319834348743
1641,21,111,3245.0,0.17514032815198619
1642,21,210,858.0,0.15118942731277532
1643,21,136,1212.0,0.0972634620014445
1644,21,112,1725.0,0.18449197860962566
1645,21,114,214902.0,0.12699705291573418
1646,21,115,4492.0,0.07745895985653194
1647,21,116,2159.0,0.09446510610369722
1648,21,196,353.0,0.2248407643312102
1649,21,113,1078.0,0.2329803328290469
1650,21,131,115.0,0.11794871794871795
1651,21,089,1776.0,0.14640178056219602
1652,21,049,1437.0,0.08267172937521575
1653,21,048,2507.0,0.11375289259948274
1654,21,047,3425.0,0.15784137517857966
1655,21,129,1694.0,0.12084462833499786
1656,21,130,643.0,0.1784128745837958
1657,21,183,2039.0,0.09978955611021387
1658,21,182,444.0,0.08237476808905381
1659,21,171,408.0,0.10594650740067516
1660,21,174,11365.0,0.10971877624706756
1661,21,176,1312.0,0.1357615894039735
1662,21,178,2610.0,0.16335982975527322
1663,21,180,4250.0,0.10229378775844225
1664,21,201,485.0,0.1437037037037037
1665,21,197,9145.0,0.11347420927895174
1666,21,195,2646.0,0.09962724500169434
1667,21,186,6516.0,0.1172448538937671
1668,21,181,728.0,0.09804713804713805
1669,21,185,1273.0,0.12306651198762568
1670,21,046,682.0,0.08324179177346515
1671,21,045,5653.0,0.11923644800674964
1672,21,043,6383.0,0.1280081822557356
1673,21,213,1569.0,0.1311105540235648
1674,21,124,1787.0,0.11200952739124985
1675,21,042,695.0,0.2096530920060332
1676,21,077,758.0,0.127373550663754
1677,21,041,10243.0,0.07452977771310074
1678,21,177,4698.0,0.08579724966670928
1679,21,040,967.0,0.07836304700162075
1680,21,207,6269.0,0.10829719971668941
1681,21,208,9584.0,0.10970570391822437
1682,21,184,801.0,0.12472749922142634
1683,21,194,3801.0,0.13386159535129424
1684,21,190,299.0,0.2518955349620893
1685,21,039,1234.0,0.1254447494154722
1686,21,038,743.0,0.0704799848226143
1687,21,117,1488.0,0.09327983951855567
1688,21,189,2220.0,0.09886879843235058
1689,21,188,2395.0,0.1239968936060057
1690,21,187,849.0,0.17207134171057964
1691,21,087,1866.0,0.14021641118124437
1692,21,080,530.0,0.20129130269654386
1693,21,086,1661.0,0.13784232365145227
1694,21,084,983.0,0.1414388489208633
1695,21,165,166.0,0.13651315789473684
1696,21,164,7396.0,0.08776551560460424
1697,21,163,1652.0,0.08762066405006895
1698,21,017,2263.0,0.07608768744536346
1699,21,019,18788.0,0.1325030149584253
1700,21,173,723.0,0.10867277919735457
1701,21,020,709.0,0.09203011422637591
1702,21,175,1662.0,0.11516075388026607
1703,21,161,2019.0,0.09087226573048879
1704,21,160,598.0,0.1621035510978585
1705,21,069,4094.0,0.14004720692368214
1706,21,157,2343.0,0.18489583333333334
1707,21,162,617.0,0.14849578820697953
1708,21,028,298.0,0.10804931109499638
1709,21,029,663.0,0.1739700865914458
1710,21,030,151.0,0.1955958549222798
1711,21,209,1274.0,0.1482257126236184
1712,21,031,489.0,0.17340425531914894
1713,21,118,2470.0,0.08227574031511276
1714,21,119,15372.0,0.0995286439448876
1715,21,032,306.0,0.22141823444283648
1716,21,033,689.0,0.12752174717749398
1717,21,034,3944.0,0.08420872832863609
1718,21,035,2678.0,0.12966639229167676
1719,21,037,616.0,0.2639245929734362
1720,21,090,2175.0,0.09145187739141404
1721,21,091,1427.0,0.1451973951973952
1722,21,120,537.0,0.09043448972718086
1723,21,092,800.0,0.15114301908180616
1724,21,093,1229.0,0.16065359477124183
1725,21,094,3731.0,0.10014225514668385
1726,21,095,71.0,0.10923076923076923
1727,21,096,376.0,0.11838790931989925
1728,21,098,1011.0,0.15161967606478705
1729,21,099,2241.0,0.10847572486567597
1730,21,125,1205.0,0.12459931754730638
1731,21,126,678.0,0.10277398817644384
1732,21,128,977.0,0.09355549171693958
1733,21,158,1246.0,0.1847842206732908
1734,21,073,1482.0,0.15184426229508197
1735,21,100,1296.0,0.13920515574650913
1736,21,101,593.0,0.1787760024118179
1737,21,102,1257.0,0.08930728241563055
1738,21,103,650.0,0.09783263094521373
1739,21,001,6076.0,0.08335391115866875
1740,21,106,3540.0,0.08296421289460733
1741,21,107,1942.0,0.16192779121154008
1742,21,214,1936.0,0.10545236668663871
1743,21,217,2522.0,0.12402262109663142
1744,21,072,2839.0,0.16619833743121415
1745,21,068,1124.0,0.16031949793182143
1746,21,062,753.0,0.1523366376694315
1747,21,061,1316.0,0.09100338842403706
1748,21,075,1111.0,0.0849388379204893
1749,21,078,1387.0,0.08707935710698142
1750,21,079,639.0,0.11051539259771705
1751,21,088,761.0,0.17074265200807717
1752,21,081,745.0,0.18327183271832717
1753,21,053,6909.0,0.10395101107366393
1754,21,002,1387.0,0.15125408942202836
1755,21,060,727.0,0.09107992984214483
1756,21,082,1141.0,0.12960018173557475
1757,21,003,5920.0,0.15597417994994073
1758,21,085,10961.0,0.13236483957057807
1759,21,083,3823.0,0.15099332517082034
1760,21,104,2460.0,0.07506407909190772
1761,21,121,191.0,0.15039370078740158
1762,21,122,1243.0,0.11235650366085148
1763,21,123,619.0,0.1631953598734511
1764,21,004,4625.0,0.07255698664951446
1765,21,044,1927.0,0.1124336309002859
1766,21,005,472.0,0.15374592833876222
1767,21,006,1841.0,0.12659881721908953
1768,21,008,1250.0,0.10927528630125011
1769,21,133,112.0,0.16184971098265896
1770,21,134,2445.0,0.11657289978068085
1771,21,036,1631.0,0.11015804403620154
1772,21,025,1010.0,0.12305068226120858
1773,21,022,1840.0,0.14311270125223613
1774,21,170,2154.0,0.1121875
1775,21,011,323.0,0.1713527851458886
1776,21,135,173.0,0.3288973384030418
1777,21,137,929.0,0.08878058103975535
1778,21,138,1620.0,0.13752122241086587
1779,21,139,673.0,0.17903697791965947
1780,21,140,16246.0,0.11735641068242399
1781,21,141,696.0,0.19954128440366972
1782,21,018,641.0,0.16610520860326508
1783,21,142,3163.0,0.10323443976631091
1784,21,052,266.0,0.2189300411522634
1785,21,144,1338.0,0.07969029184038118
1786,21,168,940.0,0.12495015286454872
1787,21,145,1655.0,0.1254833573432406
1788,21,146,182.0,0.24299065420560748
1789,21,149,2230.0,0.0735755056253918
1790,21,150,1030.0,0.16871416871416872
1791,21,010,5466.0,0.07310614166488337
1792,21,014,781.0,0.16230257689110558
1793,21,015,9245.0,0.07344529537004671
1794,21,007,610.0,0.19291587602783047
1795,21,013,1949.0,0.0861284192849883
1796,22,015,894.0,0.10695059217609762
1797,22,003,2159.0,0.1642824532034698
1798,22,011,15226.0,0.06572336274323601
1799,22,010,2964.0,0.15770990741726082
1800,22,009,3219.0,0.11772665764546685
1801,22,008,3573.0,0.09707128885024995
1802,22,007,4181.0,0.0926208989610332
1803,22,006,23173.0,0.10901503996387021
1804,22,018,2834.0,0.10151884224100874
1805,22,001,6767.0,0.10124025672865457
1806,22,002,3261.0,0.11916681892928924
1807,22,004,7040.0,0.10191820484980094
1808,22,005,5575.0,0.08305895323371225
1809,22,017,8455.0,0.11710364122380576
1810,22,016,29971.0,0.10064001826704813
1811,22,014,111790.0,0.1064892829620005
1812,22,013,2463.0,0.12867666266130295
1813,22,012,6677.0,0.08626169190222728
1814,23,004,25741.0,0.11016999931520921
1815,23,010,4265.0,0.10214590218901183
1816,23,007,2779.0,0.09526584621713345
1817,23,005,59313.0,0.06507164540325155
1818,23,006,3935.0,0.10047236052597983
1819,23,009,2221.0,0.0475375098991888
1820,23,001,7818.0,0.08821339110419064
1821,23,002,7946.0,0.09460650077390166
1822,23,003,1670.0,0.07361368244732434
1823,23,011,2259.0,0.08391218751160803
1824,23,008,13105.0,0.03926003594967046
1825,24,042,2193.0,0.1630725758477097
1826,24,046,2049.0,0.11254531473140723
1827,24,002,1395.0,0.1791907514450867
1828,24,003,5755.0,0.11900576935006928
1829,24,004,894.0,0.22277597807126837
1830,24,018,2132.0,0.13903743315508021
1831,24,019,1337.0,0.24518613607188702
1832,24,020,12207.0,0.11944343878120138
1833,24,044,1013.0,0.13404790260685456
1834,24,045,2459.0,0.17331547786862136
1835,24,049,4481.0,0.11672614551043267
1836,24,050,4952.0,0.09358935591170245
1837,24,052,2055.0,0.19943711180124224
1838,24,053,4844.0,0.14884464110127826
1839,24,054,7031.0,0.14135220441888985
1840,24,055,2602.0,0.09501204995253049
1841,24,034,2275.0,0.1522248243559719
1842,24,014,2923.0,0.18665389527458492
1843,24,033,1863.0,0.17273991655076495
1844,24,001,2567.0,0.1352903973858965
1845,24,051,2642.0,0.17091473670591278
1846,24,032,5200.0,0.13039117352056168
1847,24,027,2028.0,0.1985315712187959
1848,24,025,3434.0,0.1103931590960234
1849,24,056,1830.0,0.10603777958048441
1850,24,057,3930.0,0.1355359359911712
1851,24,048,719.0,0.1357115892789732
1852,24,015,3200.0,0.14669478316677362
1853,24,013,25169.0,0.14031811162339508
1854,24,043,1404.0,0.17624905849861913
1855,24,012,3026.0,0.149064039408867
1856,24,011,6427.0,0.13360079823722612
1857,24,010,4651.0,0.15339709762532983
1858,24,009,651.0,0.12891089108910891
1859,24,008,3927.0,0.17789354473386185
1860,24,007,2438.0,0.12288306451612903
1861,24,041,2519.0,0.1383457820738137
1862,24,040,5395.0,0.14593702661761523
1863,24,039,2090.0,0.1536425788429023
1864,24,038,2711.0,0.1889461945915807
1865,24,058,2730.0,0.13025430602605087
1866,24,037,12714.0,0.13377947536222734
1867,24,036,4472.0,0.15323464912280702
1868,24,035,29188.0,0.08789660073718952
1869,24,006,1516.0,0.15826286668754566
1870,24,031,1494.0,0.12283153827180794
1871,24,030,1307.0,0.2734881774429797
1872,24,029,4063.0,0.22000216590859867
1873,24,028,109783.0,0.12038824091904007
1874,24,026,1386.0,0.1477296951609465
1875,24,005,3101.0,0.16929628214227221
1876,24,024,14675.0,0.14983204516912899
1877,24,023,2977.0,0.19456244689889549
1878,24,022,2749.0,0.1444105904601807
1879,24,021,6674.0,0.11414595768697942
1880,24,017,4321.0,0.17202117918706955
1881,24,047,1710.0,0.18432682979411447
1882,24,016,6321.0,0.1545514560258197
1883,25,009,8139.0,0.13567713542708543
1884,25,004,4356.0,0.17494678501144625
1885,25,005,2166.0,0.1273218904302845
1886,25,003,3702.0,0.13947705523321527
1887,25,017,12735.0,0.16187873395195118
1888,25,014,8332.0,0.15917470627567104
1889,25,013,8244.0,0.20427176767927052
1890,25,012,66475.0,0.13256793919922782
1891,25,016,3558.0,0.18241476544475776
1892,25,010,14920.0,0.15446253869328005
1893,25,008,5469.0,0.09882722853683659
1894,25,007,4594.0,0.15661007704370355
1895,25,018,17747.0,0.1190099381714301
1896,25,015,11584.0,0.14572535601066774
1897,25,006,111713.0,0.11132004025788965
1898,25,002,7894.0,0.17903068514276643
1899,25,011,42538.0,0.1470021080277845
1900,25,001,59353.0,0.1292220940105811
1901,26,023,1149.0,0.1971178589809573
1902,26,069,819.0,0.17087419152931357
1903,26,010,213.0,0.17444717444717445
1904,26,029,20719.0,0.13208341036445817
1905,26,040,353.0,0.23056825604180275
1906,26,039,623.0,0.10789747142362313
1907,26,042,23328.0,0.14190903173608618
1908,26,041,1486.0,0.10341707843273715
1909,26,038,795.0,0.15368258264063406
1910,26,035,1628.0,0.12986598596043394
1911,26,036,3915.0,0.11846046779025084
1912,26,037,297.0,0.26975476839237056
1913,26,054,74.0,0.1378026070763501
1914,26,056,775.0,0.07223413179233852
1915,26,011,343.0,0.23254237288135593
1916,26,072,1997.0,0.13985573219413125
1917,26,002,8394.0,0.0913095976242535
1918,26,070,1426.0,0.10464518969692523
1919,26,066,1987.0,0.2324520355638746
1920,26,065,319.0,0.21656483367277665
1921,26,058,2340.0,0.14441770042584706
1922,26,057,425.0,0.29149519890260633
1923,26,067,321.0,0.22463261021693492
1924,26,053,78.0,0.21138211382113822
1925,26,048,5892.0,0.09398778095040597
1926,26,050,408.0,0.2727272727272727
1927,26,047,1240.0,0.13593510195132646
1928,26,012,3398.0,0.14677551725627402
1929,26,013,299.0,0.16383561643835617
1930,26,044,101.0,0.27671232876712326
1931,26,046,106.0,0.21370967741935484
1932,26,021,415.0,0.22456709956709955
1933,26,034,245.0,0.2598091198303287
1934,26,020,661.0,0.1336433481601294
1935,26,009,216.0,0.2845849802371542
1936,26,043,21032.0,0.07943138128724762
1937,26,059,225.0,0.1226158038147139
1938,26,033,12907.0,0.16615174686542572
1939,26,045,539.0,0.2210828547990156
1940,26,018,60963.0,0.13966834981350978
1941,26,005,260.0,0.22090059473237042
1942,26,008,254.0,0.25944841675178754
1943,26,032,208.0,0.23423423423423423
1944,26,060,313.0,0.152089407191448
1945,26,063,321.0,0.27249575551782684
1946,26,007,145.0,0.23162939297124602
1947,26,031,226.0,0.1905564924114671
1948,26,064,278.0,0.20130340333091962
1949,26,062,267.0,0.23967684021543986
1950,26,052,1127.0,0.21438082556591212
1951,26,051,995.0,0.20600414078674947
1952,26,049,579.0,0.18737864077669902
1953,26,016,812.0,0.16279069767441862
1954,26,024,170.0,0.22576361221779548
1955,26,006,648.0,0.23242467718794835
1956,26,071,3183.0,0.1467361239166513
1957,26,061,314.0,0.22953216374269006
1958,26,019,4753.0,0.12047856835061216
1959,26,001,470.0,0.1833788529067499
1960,26,003,4361.0,0.17460762331838564
1961,26,004,968.0,0.10198061525495154
1962,26,025,7067.0,0.13740740020610137
1963,26,027,838.0,0.0926888618515651
1964,26,014,686.0,0.21497963020996552
1965,26,015,230.0,0.19674935842600513
1966,26,017,9730.0,0.10917618545364781
1967,26,068,299.0,0.286673058485139
1968,26,028,233.0,0.2309217046580773
1969,26,026,8983.0,0.1465200867735569
1970,26,022,163.0,0.18887601390498263
1971,26,030,104402.0,0.11150926609296746
1972,26,055,22670.0,0.11390757759231437
1973,27,011,3675.0,0.11932593025521138
1974,27,013,12455.0,0.08286759813705921
1975,27,016,6243.0,0.10632174120371947
1976,27,015,5312.0,0.11088612879657656
1977,27,014,10332.0,0.10680063261698762
1978,27,001,7516.0,0.12842594491148931
1979,27,004,78902.0,0.11542011711407285
1980,27,005,22316.0,0.10385476342279537
1981,27,006,13951.0,0.1016414463378917
1982,27,012,16725.0,0.10545330735619574
1983,27,017,7586.0,0.12174610816883326
1984,27,007,4105.0,0.1275597402193841
1985,27,008,18676.0,0.09783901301830945
1986,27,002,24819.0,0.10203964165457244
1987,27,009,4816.0,0.12757953853082202
1988,27,003,10694.0,0.09926576380057736
1989,27,010,9402.0,0.10310906399078795
1990,28,012,6041.0,0.14567156980950086
1991,28,025,4181.0,0.15935510919693563
1992,28,024,1301.0,0.20375880971025842
1993,28,040,8464.0,0.140937473982183
1994,28,020,555.0,0.27099609375
1995,28,006,1270.0,0.16839034738796074
1996,28,019,3304.0,0.22560600887674975
1997,28,018,1077.0,0.16894117647058823
1998,28,016,3772.0,0.2217258405831178
1999,28,015,2358.0,0.15041143075843594
2000,28,014,633.0,0.16644754141467263
2001,28,013,2439.0,0.16225385843533793
2002,28,029,2552.0,0.19347990902198636
2003,28,003,24475.0,0.09071870714259239
2004,28,011,1427.0,0.17217664092664092
2005,28,030,2285.0,0.16779262740490528
2006,28,028,566.0,0.14855643044619424
2007,28,008,646.0,0.15592565773594014
2008,28,010,344.0,0.20586475164572113
2009,28,001,1762.0,0.17939319894115252
2010,28,009,35538.0,0.1725706904672879
2011,28,026,636.0,0.1717062634989201
2012,28,027,42464.0,0.09990166047927578
2013,28,023,848.0,0.19813084112149532
2014,28,036,127.0,0.13714902807775378
2015,28,042,1212.0,0.22607722439843314
2016,28,017,2518.0,0.15743403776416157
2017,28,035,7470.0,0.14531660344324482
2018,28,005,942.0,0.2213345864661654
2019,28,043,3804.0,0.17112780601916416
2020,28,007,2575.0,0.15562673758007978
2021,28,022,54690.0,0.10090796875893715
2022,28,021,18962.0,0.17864410611998793
2023,28,037,3386.0,0.14303214632703926
2024,28,034,1778.0,0.2399136418836864
2025,28,033,14910.0,0.11254189185109145
2026,28,032,58098.0,0.08243575536312
2027,28,031,373.0,0.19457485654668752
2028,28,002,4616.0,0.16069625761531767
2029,28,004,1554.0,0.17559322033898306
2030,28,038,50998.0,0.17138613129364635
2031,28,039,4466.0,0.15820049592631952
2032,28,041,44810.0,0.12814280158312552
2033,29,030,1571.0,0.10151857835218094
2034,29,041,3543.0,0.10576435117466193
2035,29,025,6081.0,0.07354150541795666
2036,29,038,1742.0,0.09674552926802177
2037,29,023,3123.0,0.11870462579345471
2038,29,020,1020.0,0.10814249363867684
2039,29,017,1088.0,0.09385783298826778
2040,29,016,1099.0,0.146455223880597
2041,29,001,1380.0,0.12102078400420942
2042,29,043,4075.0,0.09646797026655934
2043,29,002,1926.0,0.12035243391864026
2044,29,052,786.0,0.1221255438160348
2045,29,050,1339.0,0.11385086302185188
2046,29,055,449.0,0.14592135196620085
2047,29,005,10727.0,0.132883245586869
2048,29,006,5269.0,0.1029664660361135
2049,29,029,1574.0,0.11809723889555822
2050,29,051,583.0,0.1424731182795699
2051,29,018,4128.0,0.1070012182793748
2052,29,031,3389.0,0.09604920077088766
2053,29,032,1720.0,0.12683430425484846
2054,29,059,695.0,0.08967741935483871
2055,29,009,707.0,0.11926450742240216
2056,29,056,914.0,0.11493963782696177
2057,29,014,1892.0,0.12455562870309414
2058,29,040,1442.0,0.1360249033110084
2059,29,024,3768.0,0.13287724371407414
2060,29,053,839.0,0.10913111342351717
2061,29,008,1513.0,0.09326840093699913
2062,29,037,1136.0,0.12338438144889757
2063,29,057,608.0,0.13114754098360656
2064,29,045,603.0,0.09708581548864917
2065,29,039,2386.0,0.09317764673722029
2066,29,035,630.0,0.10009532888465204
2067,29,033,12810.0,0.1282333626972051
2068,29,034,4810.0,0.10585853250583212
2069,29,047,337.0,0.0953593661573288
2070,29,042,1806.0,0.12720997393815595
2071,29,021,2358.0,0.12619073102857756
2072,29,048,142.0,0.007459550325698676
2073,29,004,2130.0,0.11760808348517475
2074,29,046,437.0,0.08826499697030903
2075,29,012,1190.0,0.1263806287170773
2076,29,054,743.0,0.13060291791175954
2077,29,019,2113.0,0.09486396695699022
2078,29,007,1576.0,0.09093007154396492
2079,29,060,520.0,0.09553555024802499
2080,29,015,4917.0,0.12617397998460353
2081,29,011,581.0,0.12218717139852786
2082,29,010,8629.0,0.11785836235744042
2083,29,058,1174.0,0.12406213674310472
2084,29,026,2434.0,0.10092884392104827
2085,29,036,2825.0,0.125393936703804
2086,29,044,5158.0,0.11282455104228187
2087,29,027,1657.0,0.12771697240635116
2088,29,003,801.0,0.11302384647946945
2089,29,049,776.0,0.1318830727396329
2090,29,028,2384.0,0.09438967414974067
2091,29,022,588.0,0.0914179104477612
2092,29,013,9245.0,0.09360698230124337
2093,30,080,2543.0,0.10993429016081618
2094,30,162,820.0,0.1271712158808933
2095,30,153,1181.0,0.20379637618636756
2096,30,097,4058.0,0.2122051979291952
2097,30,081,2709.0,0.09924894669353361
2098,30,082,1919.0,0.12121786368517466
2099,30,083,9453.0,0.1859509009363443
2100,30,167,2478.0,0.16950543812846297
2101,30,010,6456.0,0.10050751938225862
2102,30,169,3844.0,0.16927209476419042
2103,30,185,493.0,0.08886085075702956
2104,30,209,1556.0,0.10342993884605159
2105,30,187,541.0,0.08861588861588862
2106,30,108,23296.0,0.16091064817373046
2107,30,173,7435.0,0.13632946440031538
2108,30,084,1077.0,0.19321851453175456
2109,30,085,8862.0,0.11975028376844495
2110,30,086,4049.0,0.08652818737444971
2111,30,088,912.0,0.18045112781954886
2112,30,089,6395.0,0.16537795133052316
2113,30,090,1727.0,0.1551383399209486
2114,30,091,3967.0,0.1390758659374562
2115,30,092,4715.0,0.11899654241223531
2116,30,188,2209.0,0.12830342103734682
2117,30,094,5816.0,0.15158860479057523
2118,30,208,4624.0,0.19780971937029432
2119,30,011,9489.0,0.16637152625580784
2120,30,012,1551.0,0.19717772692601068
2121,30,015,6438.0,0.19025384910901622
2122,30,016,4323.0,0.15072170699393347
2123,30,017,875.0,0.1858143979613506
2124,30,117,3308.0,0.13914945526437555
2125,30,113,573.0,0.12418725617685306
2126,30,114,2055.0,0.20286278381046396
2127,30,115,5429.0,0.14549498847617517
2128,30,163,672.0,0.13333333333333333
2129,30,019,573.0,0.08293530178028659
2130,30,042,1064.0,0.1852690231586279
2131,30,043,2428.0,0.12215737572952304
2132,30,044,28838.0,0.1408648844036518
2133,30,047,5052.0,0.0849489667232769
2134,30,049,3102.0,0.14068027210884354
2135,30,052,1623.0,0.13674277529699216
2136,30,099,1915.0,0.10449064222185846
2137,30,100,3855.0,0.16117568358558407
2138,30,101,3841.0,0.09932764416860615
2139,30,103,1385.0,0.10821157902961169
2140,30,189,23364.0,0.1511254851228978
2141,30,190,556.0,0.2462356067316209
2142,30,191,5668.0,0.18832441771605143
2143,30,192,3625.0,0.17941991684814887
2144,30,105,9513.0,0.09992437133673662
2145,30,184,724.0,0.09126433883776629
2146,30,172,2988.0,0.14996235884567127
2147,30,171,611.0,0.10959641255605382
2148,30,170,1193.0,0.1102180339985218
2149,30,207,6739.0,0.14982880519365022
2150,30,135,2021.0,0.08376507647034442
2151,30,134,3726.0,0.15825688073394495
2152,30,137,552.0,0.08750792644261256
2153,30,196,2957.0,0.16517707518712993
2154,30,197,2181.0,0.19464524765729585
2155,30,198,1130.0,0.16647024160282853
2156,30,139,1241.0,0.20257917074763304
2157,30,186,1037.0,0.1440878143670974
2158,30,200,1822.0,0.1448215563150783
2159,30,201,5228.0,0.11610553433419206
2160,30,202,1785.0,0.12189292543021032
2161,30,204,6925.0,0.1570152367132233
2162,30,194,957.0,0.07660902977905859
2163,30,195,531.0,0.09
2164,30,021,3744.0,0.1595839904522399
2165,30,020,976.0,0.08430508767383606
2166,30,199,1031.0,0.08664593663333053
2167,30,206,4184.0,0.14324352083262007
2168,30,122,2031.0,0.11251454213062988
2169,30,210,3254.0,0.10533812437279466
2170,30,211,4976.0,0.16394846957266646
2171,30,212,1814.0,0.13887612922982698
2172,30,028,27380.0,0.18941542718782428
2173,30,203,2238.0,0.1540897824290829
2174,30,205,3110.0,0.16029275332439955
2175,30,027,3024.0,0.18759305210918115
2176,30,026,2927.0,0.11260724041087986
2177,30,025,2837.0,0.10423632288643127
2178,30,018,188.0,0.09504550050556117
2179,30,009,5376.0,0.1907465228498439
2180,30,024,1781.0,0.10803760994843797
2181,30,004,7957.0,0.1906233529778161
2182,30,023,6772.0,0.13769825132167549
2183,30,030,6632.0,0.1585275487032389
2184,30,168,1453.0,0.08890656550204981
2185,30,166,1374.0,0.14609250398724083
2186,30,165,1053.0,0.11798319327731092
2187,30,164,2552.0,0.1504983192781742
2188,30,126,5631.0,0.16838107768674124
2189,30,050,2541.0,0.15557460356333802
2190,30,046,2164.0,0.1338529102492732
2191,30,121,4262.0,0.18729126384250308
2192,30,128,7045.0,0.09098305610083686
2193,30,106,533.0,0.11010121875645527
2194,30,145,1904.0,0.11487872571497526
2195,30,146,376.0,0.09579617834394905
2196,30,147,1827.0,0.07433477093335503
2197,30,148,4364.0,0.15513686455741202
2198,30,149,3045.0,0.08855605641995055
2199,30,150,1932.0,0.1661078153211246
2200,30,104,1792.0,0.10458737014123964
2201,30,102,13786.0,0.12666066408188015
2202,30,008,1122.0,0.1085316308763784
2203,30,071,6637.0,0.11076435246995994
2204,30,112,3083.0,0.13501204291657543
2205,30,032,6779.0,0.13708519544599704
2206,30,111,2296.0,0.1392105741829867
2207,30,110,1100.0,0.09072164948453608
2208,30,007,1065.0,0.16289385133068215
2209,30,033,3684.0,0.150853773391753
2210,30,006,2263.0,0.09796536796536796
2211,30,041,294.0,0.12484076433121019
2212,30,051,3255.0,0.14093349497748528
2213,30,045,9836.0,0.17969563549335915
2214,30,014,6059.0,0.12903844106058993
2215,30,013,4984.0,0.18567224229780577
2216,30,005,988.0,0.18808300019036742
2217,30,127,1664.0,0.058885979191733315
2218,30,069,4688.0,0.19464396927548266
2219,30,002,398.0,0.11566405114792211
2220,30,029,1204.0,0.08787679731406467
2221,30,034,4946.0,0.19775298868497862
2222,30,035,2186.0,0.19579041648007164
2223,30,036,1054.0,0.09566164458159375
2224,30,037,984.0,0.12035225048923678
2225,30,038,13596.0,0.1447753724270852
2226,30,039,42412.0,0.1365055455780211
2227,30,040,7493.0,0.13619674276574087
2228,30,064,546.0,0.13622754491017963
2229,30,065,10318.0,0.12069389044204518
2230,30,066,3936.0,0.1467014535967201
2231,30,067,1445.0,0.07534282287919078
2232,30,068,9041.0,0.13621707949135178
2233,30,070,2477.0,0.13554035567715458
2234,30,059,2938.0,0.12978178284300734
2235,30,072,2813.0,0.12906037805101853
2236,30,073,6482.0,0.15555555555555556
2237,30,048,15815.0,0.12081464901491945
2238,30,120,1111.0,0.10741564343033937
2239,30,074,941.0,0.12902783491018785
2240,30,075,3308.0,0.20018154311649017
2241,30,022,2268.0,0.10012802966756434
2242,30,098,297.0,0.09002728099424068
2243,30,001,1006.0,0.10370064941758582
2244,30,107,282.0,0.09611451942740286
2245,30,078,2647.0,0.21382987317230795
2246,30,109,10290.0,0.15647572269278143
2247,30,079,1301.0,0.11425309563537367
2248,30,116,2208.0,0.1296763963117402
2249,30,131,32363.0,0.17081976385142802
2250,30,031,2130.0,0.11277001270648031
2251,30,136,777.0,0.09313196691837468
2252,30,138,7242.0,0.17327431510946287
2253,30,140,243.0,0.07753669432035737
2254,30,141,22057.0,0.13579555249094982
2255,30,142,4929.0,0.15105267996690264
2256,30,143,9494.0,0.1663133923097136
2257,30,144,4239.0,0.13083333333333333
2258,30,151,5062.0,0.23112044562140444
2259,30,183,7498.0,0.1221630252374668
2260,30,124,25074.0,0.15680070039397162
2261,30,003,11095.0,0.13728886964053702
2262,30,152,2453.0,0.21217887725975262
2263,30,182,1791.0,0.09108014646053703
2264,30,181,6873.0,0.1818494509855801
2265,30,180,1727.0,0.15844036697247707
2266,30,178,2685.0,0.20817180958288106
2267,30,175,13168.0,0.14200979229126676
2268,30,125,3904.0,0.12240546811312472
2269,30,193,87893.0,0.14474917203137636
2270,30,179,563.0,0.13141923436041084
2271,30,093,2205.0,0.13295146216460657
2272,30,053,3777.0,0.13453250222617988
2273,30,054,2382.0,0.20783526742867114
2274,30,055,2652.0,0.19605233976491462
2275,30,177,948.0,0.08112965340179717
2276,30,056,1230.0,0.18608169440242056
2277,30,057,1504.0,0.10834954254016281
2278,30,058,11863.0,0.22026439897508263
2279,30,129,3549.0,0.19658782473827066
2280,30,119,992.0,0.17554415147761457
2281,30,087,71195.0,0.14573281941166477
2282,30,060,2436.0,0.14960388134864583
2283,30,154,2656.0,0.22149945792677841
2284,30,061,9602.0,0.11842624568327578
2285,30,062,2153.0,0.1033158980757234
2286,30,063,2904.0,0.21738154053447115
2287,30,118,23353.0,0.1895812699907454
2288,30,155,15427.0,0.1543332766434238
2289,30,156,573.0,0.09485184572090713
2290,30,123,14475.0,0.1504912408379685
2291,30,157,3458.0,0.1716554976420948
2292,30,158,4209.0,0.1714390452527392
2293,30,159,1819.0,0.06127467493094388
2294,30,160,16710.0,0.15577514682576676
2295,30,130,6219.0,0.15813563200854375
2296,30,096,332.0,0.2151652624756967
2297,30,095,2841.0,0.18865794541470218
2298,30,132,1819.0,0.08960591133004926
2299,30,133,7409.0,0.12794211607867517
2300,30,161,6438.0,0.1871076493838642
2301,30,076,1971.0,0.14734245346490243
2302,30,176,711.0,0.15838716863443975
2303,30,174,15086.0,0.15780004602414174
2304,30,077,5730.0,0.13385661223631648
2305,31,068,613.0,0.1912039925140362
2306,31,066,481.0,0.11398104265402843
2307,31,029,1060.0,0.16987179487179488
2308,31,001,838.0,0.12793893129770992
2309,31,003,1124.0,0.09149369149369149
2310,31,004,951.0,0.15351089588377723
2311,31,005,335.0,0.15459160129210892
2312,31,081,451.0,0.13442622950819672
2313,31,064,260.0,0.15285126396237508
2314,31,058,3198.0,0.12321800107883178
2315,31,055,779.0,0.11002824858757063
2316,31,007,920.0,0.12283044058744993
2317,31,049,321.0,0.08095838587641867
2318,31,009,850.0,0.1903269144648455
2319,31,024,459.0,0.14149198520345252
2320,31,106,389.0,0.17562076749435665
2321,31,022,449.0,0.10291084116433646
2322,31,041,9451.0,0.06658494141849668
2323,31,038,3582.0,0.1019438199049435
2324,31,030,547.0,0.13623910336239103
2325,31,021,884.0,0.09398256432064639
2326,31,018,486.0,0.14357459379615953
2327,31,017,598.0,0.127614169867691
2328,31,011,780.0,0.09297890094170938
2329,31,008,701.0,0.17751329450493797
2330,31,102,8745.0,0.10232857477182307
2331,31,101,6038.0,0.08732121422476752
2332,31,010,317.0,0.11506352087114338
2333,31,012,756.0,0.20235546038543897
2334,31,013,1982.0,0.1188890888369024
2335,31,071,252.0,0.129297075423294
2336,31,069,1172.0,0.13070146091223375
2337,31,067,1236.0,0.12294837361981498
2338,31,015,621.0,0.11169064748201439
2339,31,016,289.0,0.09310567010309279
2340,31,023,677.0,0.13921447666049763
2341,31,050,139794.0,0.1404782696514723
2342,31,065,282.0,0.13314447592067988
2343,31,061,496.0,0.12481127327629592
2344,31,092,751.0,0.0952079107505071
2345,31,093,2552.0,0.13854505971769815
2346,31,059,8680.0,0.131499212216701
2347,31,094,544.0,0.09992652461425422
2348,31,057,1209.0,0.15567859902137524
2349,31,056,3499.0,0.103355585750576
2350,31,006,1341.0,0.14641336390435636
2351,31,025,675.0,0.11244377811094453
2352,31,026,638.0,0.17614577581446714
2353,31,027,1474.0,0.17663271420011983
2354,31,031,536.0,0.19020581973030518
2355,31,033,2567.0,0.12077158315690426
2356,31,002,1769.0,0.10547340806105414
2357,31,028,381.0,0.1297683923705722
2358,31,019,3099.0,0.07959623979041455
2359,31,075,765.0,0.11053315994798439
2360,31,034,868.0,0.13325145839729813
2361,31,035,908.0,0.14223057644110276
2362,31,062,591.0,0.11910519951632406
2363,31,036,917.0,0.11334981458590852
2364,31,042,826.0,0.14874842427516657
2365,31,098,1665.0,0.10849732829401798
2366,31,076,2140.0,0.11929316015385473
2367,31,089,4811.0,0.11880479071490307
2368,31,084,1120.0,0.15915873241438114
2369,31,079,4867.0,0.10800674626070747
2370,31,037,694.0,0.1321904761904762
2371,31,039,482.0,0.11514572384137602
2372,31,020,567.0,0.12608405603735823
2373,31,043,303.0,0.08898678414096917
2374,31,044,817.0,0.10849933598937583
2375,31,045,391.0,0.1460590212924916
2376,31,046,425.0,0.12894417475728157
2377,31,047,748.0,0.12533512064343164
2378,31,048,2715.0,0.11316743778917093
2379,31,051,511.0,0.1489795918367347
2380,31,052,5088.0,0.13458893238810707
2381,31,053,1797.0,0.1331702979101823
2382,31,054,434.0,0.1451505016722408
2383,31,060,168.0,0.1721311475409836
2384,31,063,608.0,0.10797371692416978
2385,31,070,672.0,0.16922689498866783
2386,31,072,398.0,0.2143241787829833
2387,31,073,333.0,0.05688418175606423
2388,31,032,1912.0,0.1139519637642291
2389,31,074,653.0,0.1730259671436142
2390,31,077,389.0,0.14498695490122995
2391,31,078,656.0,0.17507339204697092
2392,31,080,1128.0,0.10235934664246824
2393,31,082,714.0,0.20330296127562641
2394,31,083,283.0,0.14778067885117493
2395,31,014,204.0,0.11901983663943991
2396,31,086,403.0,0.18893577121425223
2397,31,087,580.0,0.1061493411420205
2398,31,088,352.0,0.18362023995826812
2399,31,090,777.0,0.10355857656937226
2400,31,040,3805.0,0.13325161968131677
2401,31,085,1829.0,0.10965227817745804
2402,31,104,1775.0,0.10856269113149847
2403,31,091,1326.0,0.10440944881889763
2404,31,096,9539.0,0.11824424831416104
2405,31,099,458.0,0.1092817943211644
2406,31,095,820.0,0.14411247803163443
2407,31,097,592.0,0.16069489685124863
2408,31,103,436.0,0.12634019124891335
2409,31,105,399.0,0.12116610993015488
2410,31,100,497.0,0.1227463571252161
2411,32,010,25529.0,0.10613556616167495
2412,32,026,2658.0,0.1495442781591088
2413,32,005,3864.0,0.08444240477283158
2414,32,020,9957.0,0.16619929894842264
2415,32,013,779.0,0.11724864539434075
2416,32,009,1755.0,0.17400356930398572
2417,32,018,952.0,0.20936881460303497
2418,32,022,2723.0,0.13788039900754467
2419,32,023,2307.0,0.18831115827279407
2420,32,019,3810.0,0.1506166982922201
2421,32,017,17359.0,0.08198262019457826
2422,32,015,427.0,0.27042431918936033
2423,32,014,3137.0,0.15536625229062453
2424,32,041,526.0,0.20964527700278995
2425,32,042,8051.0,0.1264588078221943
2426,32,043,276.0,0.2021978021978022
2427,32,044,2398.0,0.14456233421750664
2428,32,045,1490.0,0.17906501622401153
2429,32,046,1634.0,0.2517719568567026
2430,32,030,532.0,0.21749795584627965
2431,32,032,1494.0,0.11312182933292951
2432,32,056,18847.0,0.12597672568796914
2433,32,047,950.0,0.1773711725168036
2434,32,048,3714.0,0.1360339901838693
2435,32,049,5809.0,0.17895320538492346
2436,32,050,1062.0,0.10334760607240172
2437,32,051,4278.0,0.123559483580279
2438,32,058,530.0,0.19154318756776292
2439,32,008,1542.0,0.11451061933759096
2440,32,007,1911.0,0.1577383408997111
2441,32,006,1262.0,0.1528770442156269
2442,32,004,697.0,0.15513020253728022
2443,32,003,544.0,0.23891084760649978
2444,32,054,2126.0,0.10932839658541603
2445,32,055,5638.0,0.17865517459915076
2446,32,053,1626.0,0.12310720775287705
2447,32,001,1100.0,0.1757188498402556
2448,32,002,776.0,0.15702144880615135
2449,32,039,8177.0,0.12670643836677772
2450,32,038,8766.0,0.12134383521822788
2451,32,057,1785.0,0.0872647274505011
2452,32,040,2805.0,0.12841054751876946
2453,32,037,1807.0,0.10280480172953291
2454,32,036,4795.0,0.10862178325480247
2455,32,035,1859.0,0.1141611397690985
2456,32,016,2906.0,0.1235229108220692
2457,32,021,658.0,0.14736842105263157
2458,32,052,2129.0,0.10903969270166454
2459,32,025,1595.0,0.12097997572815535
2460,32,034,5261.0,0.18826265879405976
2461,32,012,1041.0,0.12744857982370225
2462,32,033,1032.0,0.22781456953642384
2463,32,031,1895.0,0.21824254289991937
2464,32,029,2606.0,0.10989752456458483
2465,32,028,457.0,0.1864545083639331
2466,32,011,666.0,0.1980963712076145
2467,32,027,365.0,0.133406432748538
2468,32,024,5104.0,0.09503062801392691
