,CVE_ENT,CVE_MUN,POB_NIÑOS,POB_NIÑOS_PER
0,01,008,2099.0,0.21974455611390284
1,01,009,4629.0,0.20587058038692463
2,01,007,11873.0,0.20695846188708186
3,01,006,9495.0,0.19928220627125048
4,01,005,25433.0,0.19574536862440256
5,01,004,3523.0,0.20723529411764705
6,01,003,11162.0,0.19162231759656653
7,01,002,10894.0,0.21138621546103695
8,01,001,158576.0,0.16709975869081867
9,01,010,4182.0,0.20054668393036973
10,01,011,13612.0,0.21955901091988322
11,02,004,289798.0,0.15073837868259574
12,02,003,16783.0,0.15476761342677978
13,02,002,148242.0,0.14121083033591417
14,02,006,24932.0,0.21206450734893847
15,02,001,67821.0,0.1528164269603679
16,02,005,18379.0,0.1448419891244385
17,03,008,62395.0,0.177707334717511
18,03,001,11367.0,0.15566754769175992
19,03,003,41363.0,0.14153729285076358
20,03,009,2909.0,0.16114557943718147
21,03,002,11354.0,0.17734528755740214
22,04,011,10209.0,0.21761558629804106
23,04,003,40791.0,0.16392131648214753
24,04,004,14980.0,0.19163361903543558
25,04,002,44416.0,0.15103527307473893
26,04,012,2479.0,0.16205791985356605
27,04,006,8694.0,0.206312292358804
28,04,007,1570.0,0.1808130830358171
29,04,008,1998.0,0.17446734194900454
30,04,009,12138.0,0.20255995193832085
31,04,005,5597.0,0.1753610928345396
32,04,010,7784.0,0.24544365264551932
33,04,001,10294.0,0.17379119394921663
34,05,010,14896.0,0.1807569561577012
35,05,008,589.0,0.19330489005579257
36,05,037,1217.0,0.19667097608274078
37,05,031,4241.0,0.1712912476271255
38,05,038,2497.0,0.1901027788351732
39,05,013,395.0,0.2276657060518732
40,05,018,40790.0,0.17142184735512775
41,05,030,156548.0,0.17790394541557666
42,05,028,11239.0,0.1734119208159109
43,05,001,145.0,0.14187866927592954
44,05,023,1835.0,0.19031321302634308
45,05,022,6431.0,0.19411995532614928
46,05,012,275.0,0.16737674984783932
47,05,009,11421.0,0.19346150588633862
48,05,005,301.0,0.18320146074254412
49,05,004,5629.0,0.19031036581242816
50,05,002,30954.0,0.1898342920923843
51,05,034,1426.0,0.21144721233689207
52,05,003,4310.0,0.18693615544760583
53,05,035,118047.0,0.16376129225578762
54,05,014,1790.0,0.18838139339086507
55,05,027,23365.0,0.19113568875109413
56,05,026,567.0,0.17505402902130288
57,05,007,2494.0,0.19614628391663388
58,05,024,7937.0,0.17847184745457817
59,05,032,6924.0,0.16384287742546144
60,05,029,443.0,0.17927964386887899
61,05,033,19017.0,0.18821072633881294
62,05,025,31628.0,0.17937128176626382
63,05,006,5467.0,0.18768882175226587
64,05,021,1004.0,0.15354029668144975
65,05,011,2263.0,0.19020003361909565
66,05,036,3658.0,0.1801526717557252
67,05,016,278.0,0.15759637188208617
68,05,019,1405.0,0.1772199798183653
69,05,020,13222.0,0.18459519454954137
70,05,015,298.0,0.18813131313131312
71,05,017,21190.0,0.1790648740461563
72,06,007,30477.0,0.15953955117232282
73,06,004,3315.0,0.1590919998080338
74,06,009,20315.0,0.17467004857916685
75,06,005,4498.0,0.14385774138868457
76,06,008,1890.0,0.18473267520281497
77,06,002,21066.0,0.13413733380877185
78,06,010,22196.0,0.14820849080541126
79,06,001,4643.0,0.1680663143415623
80,06,003,3145.0,0.14519181939891973
81,06,006,817.0,0.145296105281878
82,07,078,41209.0,0.1908937621019669
83,07,085,2416.0,0.22185491276400368
84,07,017,17293.0,0.19627494154768121
85,07,088,508.0,0.22010398613518198
86,07,067,2828.0,0.23055600847872168
87,07,086,5027.0,0.19616029968392712
88,07,018,2299.0,0.23222222222222222
89,07,080,6325.0,0.2438601226047731
90,07,091,2818.0,0.20732783990582695
91,07,093,13534.0,0.28100992483700843
92,07,098,1638.0,0.227152960754403
93,07,100,9278.0,0.2439973701512163
94,07,105,3069.0,0.19171664167916042
95,07,112,11656.0,0.3071571624328028
96,07,049,10036.0,0.32105953485396205
97,07,050,908.0,0.1735474006116208
98,07,051,9284.0,0.20125731628007804
99,07,072,7751.0,0.26154001889593737
100,07,110,1766.0,0.2346532022322615
101,07,111,10847.0,0.2390628788045754
102,07,124,5534.0,0.23206273325785215
103,07,123,1950.0,0.18084021144393952
104,07,023,28202.0,0.2765796777388763
105,07,113,2565.0,0.30247641509433965
106,07,115,4082.0,0.27742286257985593
107,07,077,14233.0,0.22152184401799194
108,07,117,2072.0,0.24631478839752735
109,07,118,1716.0,0.28377707954357534
110,07,121,2506.0,0.287451250286763
111,07,070,2854.0,0.23273261029111963
112,07,063,834.0,0.2093899071051971
113,07,081,14935.0,0.2821384717105885
114,07,069,9460.0,0.18479088937940735
115,07,116,3408.0,0.26434998448650326
116,07,090,1038.0,0.2282823839894436
117,07,022,7024.0,0.32051106548026465
118,07,062,4327.0,0.23428447669067085
119,07,119,1506.0,0.30369026013309136
120,07,094,11934.0,0.24109577971272148
121,07,092,4526.0,0.21123868197517034
122,07,087,9201.0,0.22079573814551737
123,07,009,6786.0,0.16496900449738666
124,07,008,7161.0,0.2241525025824021
125,07,125,2756.0,0.2365665236051502
126,07,114,6128.0,0.25962801338812863
127,07,089,65757.0,0.18590863598581872
128,07,084,1906.0,0.2226375423431842
129,07,083,3932.0,0.2059501361826943
130,07,082,4291.0,0.27651759247325686
131,07,074,9377.0,0.2091726337861652
132,07,068,5935.0,0.1859394091293587
133,07,073,2513.0,0.23127185716915147
134,07,057,17440.0,0.22827822717872195
135,07,065,29052.0,0.21964994518580122
136,07,060,4021.0,0.28542021578648497
137,07,058,1036.0,0.2174186778593914
138,07,059,59791.0,0.25479734595863823
139,07,037,7111.0,0.195717391902678
140,07,035,3141.0,0.21578730420445177
141,07,056,4517.0,0.32838967648127954
142,07,061,20786.0,0.21341519759335503
143,07,064,15995.0,0.2911781839365033
144,07,120,1004.0,0.23267670915411356
145,07,101,97822.0,0.16191754655737758
146,07,099,17249.0,0.20754172131246165
147,07,122,2931.0,0.18804131648168346
148,07,097,16729.0,0.18200907379804815
149,07,096,17033.0,0.2039758098317466
150,07,001,4191.0,0.23291097032344116
151,07,002,4205.0,0.19847076037192618
152,07,003,5413.0,0.20123424662626863
153,07,004,8339.0,0.23061393805309735
154,07,005,6012.0,0.24526762402088773
155,07,006,7006.0,0.22076571608634
156,07,007,2631.0,0.23318266418505718
157,07,102,7744.0,0.18876755070202808
158,07,055,1148.0,0.1953710006807352
159,07,054,5466.0,0.1934867256637168
160,07,053,1749.0,0.2213643842551576
161,07,052,31873.0,0.22600636757500336
162,07,048,4201.0,0.19264456367221533
163,07,047,6576.0,0.2633982215813506
164,07,103,6274.0,0.2070490396673487
165,07,104,3065.0,0.18508454106280192
166,07,106,12856.0,0.19104797004101529
167,07,010,1646.0,0.22348947725729804
168,07,046,7530.0,0.183376762535616
169,07,045,1361.0,0.21658179503500954
170,07,044,6418.0,0.22131797648194765
171,07,011,4417.0,0.2191298308280002
172,07,012,13695.0,0.21189194207203862
173,07,013,8944.0,0.24002361591927648
174,07,014,6411.0,0.26412062785811397
175,07,015,10390.0,0.20733556832694763
176,07,016,3047.0,0.1729383052386628
177,07,019,30787.0,0.1852651975592437
178,07,020,10484.0,0.21001602564102564
179,07,021,4441.0,0.2001171593366979
180,07,043,2361.0,0.21540005473953105
181,07,042,2836.0,0.2492748527731388
182,07,041,9587.0,0.2065763106294038
183,07,040,9865.0,0.1852860523646745
184,07,039,7009.0,0.2512816835765246
185,07,024,4614.0,0.33733001900862697
186,07,025,1617.0,0.21640792291220556
187,07,026,13309.0,0.28095248147600854
188,07,027,21017.0,0.18752621012714699
189,07,028,1092.0,0.17738791423001948
190,07,029,1125.0,0.20825620140688633
191,07,030,8004.0,0.21758869104254452
192,07,031,37636.0,0.27419096326732817
193,07,038,5628.0,0.24496191512513601
194,07,036,1850.0,0.24022854174782496
195,07,032,6614.0,0.21407301916105645
196,07,033,1676.0,0.2313319530710835
197,07,034,17004.0,0.21019320864803392
198,07,075,5971.0,0.20711783273786813
199,07,076,7359.0,0.2462109806283248
200,07,107,13768.0,0.20974056639702635
201,07,108,20752.0,0.18945369558866493
202,07,109,9397.0,0.23326300111704107
203,07,066,7469.0,0.28301314842181047
204,07,071,6102.0,0.20140607980988218
205,07,079,8365.0,0.2001531356925801
206,08,018,804.0,0.15767797607373996
207,08,037,239938.0,0.15864193857648187
208,08,061,393.0,0.11511423550087874
209,08,062,4829.0,0.16171053512825664
210,08,041,261.0,0.20046082949308755
211,08,063,867.0,0.16296992481203007
212,08,067,738.0,0.15455497382198952
213,08,051,1846.0,0.22714408760920388
214,08,050,11138.0,0.1693915106535063
215,08,031,5979.0,0.1685507287232543
216,08,060,2083.0,0.17984804006216543
217,08,057,272.0,0.12380518889394629
218,08,001,3241.0,0.22145541510078579
219,08,053,840.0,0.1643513989434553
220,08,007,3747.0,0.2279197080291971
221,08,055,2570.0,0.15319504053409633
222,08,004,4237.0,0.17404699309891555
223,08,025,1058.0,0.15064787128007973
224,08,023,1557.0,0.23392427884615385
225,08,022,259.0,0.10545602605863193
226,08,021,24518.0,0.16290380449948838
227,08,020,1211.0,0.19463195114111217
228,08,017,30725.0,0.17009156434415793
229,08,016,549.0,0.1482181425485961
230,08,044,714.0,0.16550764951321278
231,08,045,7636.0,0.17024502262947852
232,08,046,1865.0,0.2566749243049821
233,08,047,886.0,0.19923543962221724
234,08,048,3687.0,0.1623370905248327
235,08,015,189.0,0.15365853658536585
236,08,013,2123.0,0.17968683876428268
237,08,012,1811.0,0.22322198939972884
238,08,011,8072.0,0.1630740014949797
239,08,010,4736.0,0.18834009385190487
240,08,009,4528.0,0.19391032503961286
241,08,008,2979.0,0.26433007985803014
242,08,049,474.0,0.1719260065288357
243,08,036,7483.0,0.18314202501284907
244,08,006,892.0,0.153607714826933
245,08,059,855.0,0.17086330935251798
246,08,052,4195.0,0.1709872014347436
247,08,029,12626.0,0.24995050876984598
248,08,002,4486.0,0.17222712788420932
249,08,054,1514.0,0.1967511371020143
250,08,056,256.0,0.12313612313612314
251,08,058,375.0,0.13909495548961423
252,08,065,3884.0,0.22789415009094643
253,08,066,1330.0,0.20423832923832924
254,08,043,406.0,0.14806710430342815
255,08,014,318.0,0.15634218289085547
256,08,003,1287.0,0.15164369034994699
257,08,005,5065.0,0.19411336373740085
258,08,042,132.0,0.11205432937181664
259,08,040,4356.0,0.1732421253579383
260,08,039,667.0,0.16181465308102863
261,08,038,807.0,0.16204819277108434
262,08,035,2286.0,0.2077237619263971
263,08,034,694.0,0.13356428021555042
264,08,033,133.0,0.16140776699029127
265,08,032,19349.0,0.1658552056367969
266,08,030,2002.0,0.244265495363592
267,08,028,664.0,0.15671465659664857
268,08,027,10758.0,0.21438820247110402
269,08,026,281.0,0.1147875816993464
270,08,064,217.0,0.14986187845303867
271,08,024,477.0,0.12582432075969402
272,08,019,137453.0,0.14658932635436198
273,09,017,49907.0,0.1124781385788724
274,09,014,33711.0,0.07764774169474817
275,09,009,23013.0,0.15072207486000588
276,09,008,29282.0,0.11825282083175162
277,09,007,229876.0,0.12523985473057272
278,09,003,57075.0,0.09288840209163687
279,09,011,52812.0,0.13461700224055792
280,09,012,80109.0,0.11445320090066406
281,09,006,43742.0,0.10808633662387725
282,09,013,55775.0,0.12613698555785227
283,09,010,85184.0,0.11221162978487415
284,09,015,53562.0,0.09811974705248734
285,09,005,134896.0,0.11496645078923527
286,09,004,29534.0,0.13567248238288176
287,09,016,40853.0,0.09856684440369629
288,09,002,44480.0,0.10291412639835264
289,10,011,831.0,0.17502106149957877
290,10,012,29191.0,0.17874265980050577
291,10,031,1279.0,0.1901293295674149
292,10,001,5543.0,0.17622559928784892
293,10,005,121053.0,0.1757710575187637
294,10,036,4200.0,0.19864730643711867
295,10,014,14613.0,0.3007842249346479
296,10,038,4500.0,0.19168512523428183
297,10,017,1265.0,0.15806572535299263
298,10,030,284.0,0.17391304347826086
299,10,033,1386.0,0.200375885499494
300,10,021,2110.0,0.18978233495232955
301,10,024,2510.0,0.1958183804025589
302,10,037,2076.0,0.22274678111587984
303,10,034,6173.0,0.2347148288973384
304,10,039,5900.0,0.2108573674993746
305,10,022,4534.0,0.17695039612847832
306,10,028,2394.0,0.19928410888204445
307,10,023,11937.0,0.23283075542725623
308,10,025,409.0,0.14416637292915052
309,10,027,957.0,0.18225099980956008
310,10,035,2033.0,0.17867815081736685
311,10,010,617.0,0.16055165235493105
312,10,009,2009.0,0.20356672408552032
313,10,008,6315.0,0.17209429077531
314,10,006,2001.0,0.19934249850567842
315,10,004,6671.0,0.1908453726219425
316,10,003,827.0,0.2024975514201763
317,10,032,9501.0,0.19308228504074623
318,10,007,68383.0,0.18345539906103286
319,10,015,2493.0,0.19334574220567705
320,10,002,991.0,0.22934505901411711
321,10,019,1103.0,0.22400487408610886
322,10,026,3736.0,0.21554260658858823
323,10,013,5982.0,0.22211495618594979
324,10,016,3551.0,0.18630640083945435
325,10,018,1731.0,0.16669876733436056
326,10,020,2139.0,0.16901074589127688
327,10,029,405.0,0.19258202567760344
328,11,037,39547.0,0.19428068934347306
329,11,021,6152.0,0.1301707538985633
330,11,006,937.0,0.1769259818731118
331,11,029,8138.0,0.19822672577580747
332,11,020,297391.0,0.17277969341424518
333,11,001,16835.0,0.182909604519774
334,11,019,9267.0,0.18714784821374478
335,11,030,25668.0,0.21426961508602338
336,11,007,84529.0,0.16219115104697324
337,11,036,1043.0,0.15534703604408698
338,11,018,6661.0,0.17175493785776907
339,11,045,2256.0,0.20245894283406624
340,11,015,32232.0,0.1657172236503856
341,11,038,1859.0,0.1644550601556971
342,11,012,5665.0,0.18358881291117088
343,11,003,31754.0,0.1818515018755548
344,11,034,1127.0,0.19692468984798184
345,11,010,2049.0,0.18487774068393034
346,11,046,11598.0,0.16872026883519298
347,11,039,5835.0,0.16251218493246067
348,11,009,15938.0,0.19385521066459083
349,11,035,15486.0,0.18807384017488463
350,11,004,11624.0,0.18336698637051993
351,11,024,2169.0,0.17487704587599776
352,11,040,4099.0,0.20487829259759086
353,11,041,8942.0,0.14541256057501545
354,11,008,7965.0,0.19313773035887488
355,11,044,11997.0,0.18235016947606816
356,11,028,14437.0,0.15337951256825957
357,11,022,5182.0,0.19641435773035668
358,11,032,17742.0,0.1981062551642511
359,11,013,5661.0,0.20668127053669222
360,11,011,16015.0,0.1635385180949269
361,11,002,17466.0,0.16068520750342696
362,11,027,42640.0,0.15595226339254692
363,11,026,13223.0,0.20106133868564305
364,11,014,33907.0,0.20796992112268306
365,11,042,25285.0,0.16850600450504485
366,11,017,102627.0,0.173077798746275
367,11,016,3796.0,0.1796667928814843
368,11,005,20281.0,0.1720434668272779
369,11,025,16534.0,0.19720426516543021
370,11,033,25848.0,0.20109541295823738
371,11,023,27791.0,0.17934305627258648
372,11,043,4335.0,0.20397120406530841
373,11,031,24858.0,0.18994276806932017
374,12,080,1492.0,0.19738060590025136
375,12,043,5416.0,0.2871838379553529
376,12,079,4681.0,0.25466514335455087
377,12,012,16213.0,0.23455289845637486
378,12,013,2867.0,0.18988012451155706
379,12,018,2820.0,0.19498029454470028
380,12,007,6879.0,0.20678149517539904
381,12,006,2311.0,0.20797336213102952
382,12,064,2261.0,0.19356219501754987
383,12,019,3685.0,0.23624823695345556
384,12,068,4964.0,0.18839424646096625
385,12,015,2166.0,0.16684640271144663
386,12,014,2156.0,0.13961922030825022
387,12,010,7330.0,0.25727422694886104
388,12,005,1622.0,0.2076027134263407
389,12,011,10799.0,0.1779663810151615
390,12,048,8520.0,0.19110423255500975
391,12,053,9902.0,0.19755007581198628
392,12,054,5854.0,0.24251211732051867
393,12,047,1642.0,0.2320520067834935
394,12,049,2483.0,0.1946992864424057
395,12,050,7216.0,0.18751624135959669
396,12,051,8103.0,0.22419278975181917
397,12,052,10559.0,0.22820401988329372
398,12,004,6003.0,0.2828268551236749
399,12,045,6705.0,0.23570976587217887
400,12,046,13815.0,0.20254519330860468
401,12,040,6202.0,0.23530750844178017
402,12,041,7082.0,0.2390548523206751
403,12,042,4433.0,0.2381668726159136
404,12,044,2347.0,0.18924367037574585
405,12,038,21684.0,0.172093872270855
406,12,039,4836.0,0.18533706358027058
407,12,002,6195.0,0.2457845665542551
408,12,003,8267.0,0.21954587704156153
409,12,036,2479.0,0.21117642047874605
410,12,034,6772.0,0.1850627169130708
411,12,035,26775.0,0.17366854118425407
412,12,031,1356.0,0.2159923542529468
413,12,032,9668.0,0.2595157566972674
414,12,033,3700.0,0.2115736505032022
415,12,028,28417.0,0.22968429220348846
416,12,029,51668.0,0.18234434664765628
417,12,008,1870.0,0.2044386137531431
418,12,009,1480.0,0.2546893822061607
419,12,025,3664.0,0.21522556390977443
420,12,026,1521.0,0.1838733075435203
421,12,059,5741.0,0.18635980003895344
422,12,061,7878.0,0.1824836116837692
423,12,062,5568.0,0.24441420481980597
424,12,016,2590.0,0.2087362991618311
425,12,017,3115.0,0.19994864882213237
426,12,020,5674.0,0.26210273466371026
427,12,021,13006.0,0.17802781427945685
428,12,022,7416.0,0.19235358198889868
429,12,023,5650.0,0.21219063356743156
430,12,060,2697.0,0.1990112160566706
431,12,063,2131.0,0.2111573523583036
432,12,066,22307.0,0.2320624187256177
433,12,073,3364.0,0.18656757806000776
434,12,065,1690.0,0.22230991844251513
435,12,001,121077.0,0.15531334101281996
436,12,069,2982.0,0.24920608390439578
437,12,070,1516.0,0.19282625286186722
438,12,071,5960.0,0.19939112107323276
439,12,072,2925.0,0.24366877707430856
440,12,074,4982.0,0.2266915411566638
441,12,075,11094.0,0.2088243044836803
442,12,076,10705.0,0.2663134064731199
443,12,077,2844.0,0.1991596638655462
444,12,078,6664.0,0.3137328751000424
445,12,024,1784.0,0.22656845313690627
446,12,027,3959.0,0.1927740176267225
447,12,037,1092.0,0.17790811339198437
448,12,055,17399.0,0.16478510408576894
449,12,056,9494.0,0.20610902459674793
450,12,057,11493.0,0.17617303064212028
451,12,058,11187.0,0.20787111879145995
452,12,030,4711.0,0.2117303370786517
453,12,081,2525.0,0.21620001712475384
454,12,067,4368.0,0.19667702282858301
455,13,030,17301.0,0.17537048675167757
456,13,008,7513.0,0.16094342451961183
457,13,065,1898.0,0.16128484024473147
458,13,009,3401.0,0.171455938697318
459,13,010,4813.0,0.15267248215701823
460,13,025,3251.0,0.15725825956561698
461,13,036,1295.0,0.1370515398454863
462,13,066,2168.0,0.1663597298956415
463,13,071,1444.0,0.1589258199427691
464,13,060,3265.0,0.18653945037993486
465,13,059,6643.0,0.17476979742173113
466,13,058,2777.0,0.15922252164440112
467,13,037,3219.0,0.15356359126037591
468,13,038,1569.0,0.17672899301644515
469,13,026,2324.0,0.18204605984646718
470,13,050,3684.0,0.15583097161710588
471,13,027,4133.0,0.18090694213429045
472,13,070,3174.0,0.16646562123039807
473,13,031,1935.0,0.15744507729861676
474,13,057,2615.0,0.17269845462950734
475,13,016,10924.0,0.18079806689727082
476,13,015,3318.0,0.1707580670063301
477,13,014,2546.0,0.15764705882352942
478,13,013,10969.0,0.17558828237554025
479,13,056,6485.0,0.1639240666312783
480,13,019,3273.0,0.17309217832778043
481,13,032,1817.0,0.1726693908581203
482,13,041,7377.0,0.15621955868027615
483,13,079,1035.0,0.14754098360655737
484,13,080,4589.0,0.18598524762908325
485,13,069,29011.0,0.17237465983767275
486,13,074,4447.0,0.1553482847760777
487,13,042,1963.0,0.16954569010191742
488,13,040,1647.0,0.1677360219981668
489,13,039,2037.0,0.14220888020106115
490,13,044,2727.0,0.1609039414680198
491,13,005,2990.0,0.15843577787197966
492,13,004,1881.0,0.18239115679239795
493,13,024,3361.0,0.1908899869370137
494,13,017,2135.0,0.1646487236831958
495,13,054,5936.0,0.16132188281334928
496,13,053,2952.0,0.16678908412904683
497,13,052,5994.0,0.15412306189092592
498,13,023,5388.0,0.148642683734275
499,13,075,3548.0,0.16608931747963673
500,13,051,29302.0,0.14452352416041508
501,13,084,6780.0,0.16980990307310842
502,13,076,17523.0,0.15223227084364982
503,13,083,8754.0,0.15117604393327116
504,13,045,1553.0,0.16707907477138245
505,13,046,7046.0,0.18305102358931727
506,13,082,3275.0,0.1527304948001679
507,13,081,6898.0,0.18078888743283975
508,13,047,824.0,0.17354675652906487
509,13,068,2620.0,0.18270571827057183
510,13,022,2380.0,0.1461467608228431
511,13,021,2378.0,0.15670510708401977
512,13,055,3098.0,0.16902176878171205
513,13,048,41627.0,0.13243046342867867
514,13,020,351.0,0.13536444273042808
515,13,018,4467.0,0.19503995109810943
516,13,067,9469.0,0.17174520259730838
517,13,049,4495.0,0.24007904716124553
518,13,077,27792.0,0.16506601571548207
519,13,064,1695.0,0.15650969529085873
520,13,034,1795.0,0.18946590669199914
521,13,006,3142.0,0.16397035800020876
522,13,001,4216.0,0.18932998024070416
523,13,011,3191.0,0.16106400161518272
524,13,012,5192.0,0.1722913555666169
525,13,061,7886.0,0.1402080184905325
526,13,007,2172.0,0.17312290769966523
527,13,073,7668.0,0.20327660251312232
528,13,002,10161.0,0.22057961576033866
529,13,003,9976.0,0.16353562178289235
530,13,062,7198.0,0.23044661437489994
531,13,063,15176.0,0.16760541603163034
532,13,078,3294.0,0.18039430449069002
533,13,028,24118.0,0.19023355234617176
534,13,072,1564.0,0.14073607486727258
535,13,043,1088.0,0.1736632083000798
536,13,035,2442.0,0.18672579905184278
537,13,033,420.0,0.14507772020725387
538,13,029,7944.0,0.1675065893516078
539,14,113,3153.0,0.19053662073966643
540,14,057,716.0,0.1746767504269334
541,14,056,255.0,0.14049586776859505
542,14,054,737.0,0.13729508196721313
543,14,053,32789.0,0.19018810577542153
544,14,052,1054.0,0.19045898084568125
545,14,051,6780.0,0.21973748176956734
546,14,050,9402.0,0.19959664579131728
547,14,031,710.0,0.21712538226299694
548,14,049,1745.0,0.18514588859416445
549,14,048,3561.0,0.18759877778948478
550,14,047,4642.0,0.18647063549449666
551,14,046,6095.0,0.18651692270028766
552,14,045,3905.0,0.19081358416809185
553,14,044,13693.0,0.20145948888463858
554,14,042,2159.0,0.21557663504742886
555,14,041,917.0,0.15489864864864866
556,14,040,1653.0,0.18930371049015116
557,14,039,177224.0,0.127901480122024
558,14,038,712.0,0.16956418194808287
559,14,037,4484.0,0.17299382716049383
560,14,036,3540.0,0.1769027035130678
561,14,019,1950.0,0.2768706517109186
562,14,001,4434.0,0.19132686084142395
563,14,004,1056.0,0.18387602298450287
564,14,006,9589.0,0.15879508495346603
565,14,007,1688.0,0.1789462525177568
566,14,008,14546.0,0.18045131436936324
567,14,009,4124.0,0.19531139000710396
568,14,035,9914.0,0.18691905955994645
569,14,011,1030.0,0.18396142168244328
570,14,016,8281.0,0.19929245283018868
571,14,018,12433.0,0.18300778662584452
572,14,020,1962.0,0.17934186471663618
573,14,021,3692.0,0.17967685419505547
574,14,022,7547.0,0.18802162485363363
575,14,023,17646.0,0.15325557360106304
576,14,024,4996.0,0.1707042061024362
577,14,026,1036.0,0.1635617303441743
578,14,029,3185.0,0.1787317620650954
579,14,030,8904.0,0.16131603739401407
580,14,032,1331.0,0.22246364699983287
581,14,033,4113.0,0.19377178931499106
582,14,034,290.0,0.1463907117617365
583,14,069,1283.0,0.16589087147659684
584,14,123,3552.0,0.1842419212614762
585,14,094,8557.0,0.19292945234820644
586,14,095,1573.0,0.1630558722919042
587,14,096,4393.0,0.19303102205817735
588,14,097,141379.0,0.19426863620748883
589,14,090,1125.0,0.15406737880032867
590,14,091,7199.0,0.18070232686563417
591,14,092,1663.0,0.15064770359634025
592,14,122,1408.0,0.18858826680953655
593,14,121,5718.0,0.16960816302316614
594,14,120,218081.0,0.14770222100913585
595,14,119,5376.0,0.17642425833552114
596,14,118,3499.0,0.15624720907385906
597,14,117,722.0,0.16453965360072925
598,14,116,3823.0,0.1903126244524094
599,14,093,26896.0,0.1790798322125308
600,14,098,116079.0,0.16893383610307847
601,14,099,2330.0,0.20768339424191104
602,14,100,6875.0,0.18931049675074346
603,14,101,99845.0,0.17519340671295444
604,14,102,885.0,0.14846502264720685
605,14,103,1184.0,0.1565102445472571
606,14,104,700.0,0.1674641148325359
607,14,105,4324.0,0.18343019556272006
608,14,065,1955.0,0.17170209028631653
609,14,017,2363.0,0.18346273291925466
610,14,124,12425.0,0.1917260747461655
611,14,012,631.0,0.1511015325670498
612,14,106,1072.0,0.19554906968259758
613,14,107,1325.0,0.19770217845419277
614,14,108,6456.0,0.17207740284663361
615,14,109,3630.0,0.19036131941895224
616,14,110,2305.0,0.1670410899340532
617,14,111,1244.0,0.18771691564810622
618,14,112,1017.0,0.1653389692732889
619,14,114,3411.0,0.17893301159313854
620,14,115,1110.0,0.20090497737556562
621,14,075,700.0,0.1846478501714587
622,14,077,4505.0,0.16030887481318057
623,14,078,5886.0,0.18413890192397936
624,14,079,3064.0,0.18647678169314102
625,14,073,13922.0,0.1927453966495916
626,14,074,3140.0,0.1869938065745593
627,14,076,668.0,0.2158319870759289
628,14,014,1444.0,0.166187133156865
629,14,015,10671.0,0.16434368791486348
630,14,043,4261.0,0.18320577865680626
631,14,055,4310.0,0.1978788852669758
632,14,086,4687.0,0.2206166156742763
633,14,002,4290.0,0.1699009900990099
634,14,003,3872.0,0.1638595006347863
635,14,005,3145.0,0.19072164948453607
636,14,025,3320.0,0.16862207323886433
637,14,027,3631.0,0.19765922700054436
638,14,028,360.0,0.16620498614958448
639,14,010,1676.0,0.2160350605826244
640,14,013,12124.0,0.18941086409723631
641,14,125,3689.0,0.20113407120658633
642,14,089,739.0,0.18148330058939097
643,14,088,2791.0,0.16810215021381678
644,14,087,2874.0,0.17204429811433702
645,14,085,6520.0,0.16737260942112694
646,14,084,2575.0,0.17170100686804027
647,14,083,15603.0,0.17793362983236402
648,14,082,6438.0,0.17312967245737643
649,14,081,556.0,0.15817923186344238
650,14,080,863.0,0.16968147856861973
651,14,072,1536.0,0.20186621106584307
652,14,071,582.0,0.19904240766073872
653,14,070,43580.0,0.1871575077731778
654,14,068,2115.0,0.1871184641245687
655,14,067,47247.0,0.161894058025144
656,14,066,12092.0,0.22534896289532044
657,14,064,7116.0,0.21186137906395142
658,14,063,18472.0,0.17418198962753417
659,14,062,594.0,0.16327652556349642
660,14,061,6385.0,0.28913643979531767
661,14,060,945.0,0.17806670435274166
662,14,059,2666.0,0.18984547461368653
663,14,058,2343.0,0.16213410836620304
664,15,044,4176.0,0.14799588900308325
665,15,061,1665.0,0.16085402376581973
666,15,014,20389.0,0.18639837636217363
667,15,049,3017.0,0.1955535390199637
668,15,062,11464.0,0.15899477136873638
669,15,103,7496.0,0.15237011139117002
670,15,100,7553.0,0.16055182382450472
671,15,052,5176.0,0.1838394601314154
672,15,015,5799.0,0.18178683385579938
673,15,016,4904.0,0.16836034056577864
674,15,017,1663.0,0.1654232567392818
675,15,018,11539.0,0.16847960986435778
676,15,019,6420.0,0.17388478101893232
677,15,020,36357.0,0.12389757500579326
678,15,022,2357.0,0.15602038789964917
679,15,010,5369.0,0.1683177628691454
680,15,098,995.0,0.173465829846583
681,15,092,9100.0,0.15553694429726359
682,15,002,24769.0,0.144419761292542
683,15,024,24128.0,0.1349086090345379
684,15,118,35078.0,0.1720589389420813
685,15,026,6110.0,0.19251977187509847
686,15,109,73967.0,0.14325223059954564
687,15,107,2157.0,0.1670539033457249
688,15,007,4981.0,0.21039070749736008
689,15,032,8450.0,0.22571855967517898
690,15,059,10556.0,0.18492694719876668
691,15,064,6792.0,0.18388066166716302
692,15,004,3014.0,0.19656949064110088
693,15,008,4918.0,0.19481857074948503
694,15,001,13164.0,0.19395332390381895
695,15,011,12366.0,0.16381194611135397
696,15,060,67457.0,0.15665778760383742
697,15,013,70339.0,0.13431829726127323
698,15,029,32016.0,0.1594819427148194
699,15,027,2071.0,0.16215158158471657
700,15,058,138312.0,0.12839860082732396
701,15,046,3338.0,0.1679327866378226
702,15,105,6343.0,0.1997040488634217
703,15,033,232552.0,0.14133875304494115
704,15,043,5755.0,0.18753869716818197
705,15,074,31354.0,0.21634787888824486
706,15,087,20632.0,0.19507214038537904
707,15,104,80581.0,0.11987616817563768
708,15,096,6209.0,0.15723366000658412
709,15,086,7347.0,0.20983035357285656
710,15,082,17127.0,0.21602633636891097
711,15,102,2747.0,0.16735713415377118
712,15,055,2292.0,0.16600275222713118
713,15,069,770.0,0.1583710407239819
714,15,097,4009.0,0.21691375392273562
715,15,080,5114.0,0.21180368606336716
716,15,095,15676.0,0.1511726585403487
717,15,054,31701.0,0.13082989760923128
718,15,094,3573.0,0.17429268292682926
719,15,093,5466.0,0.16785407198132907
720,15,078,1991.0,0.20464590399835544
721,15,077,1352.0,0.20203227734608487
722,15,021,8490.0,0.21970343917397717
723,15,050,5101.0,0.18811771647735653
724,15,101,15291.0,0.18147616278379758
725,15,025,67021.0,0.1675286271706282
726,15,023,7145.0,0.17475846887611593
727,15,045,14832.0,0.16917794937892805
728,15,115,9516.0,0.17418044039316896
729,15,117,2720.0,0.20115367549179117
730,15,124,23131.0,0.23112048120541157
731,15,066,1024.0,0.20936413821304437
732,15,057,111227.0,0.13329634219123382
733,15,125,2552.0,0.1714708056171471
734,15,083,2578.0,0.1824486907289455
735,15,056,6649.0,0.2004884814859486
736,15,106,140584.0,0.1543847627079929
737,15,110,11413.0,0.18530605617795096
738,15,116,1096.0,0.21452339009590918
739,15,119,4195.0,0.22274730526204004
740,15,120,48476.0,0.17284769392594176
741,15,035,28669.0,0.17562054348092426
742,15,037,41152.0,0.14441071710560946
743,15,038,2080.0,0.1743649928745075
744,15,039,83181.0,0.1534107570668983
745,15,065,5953.0,0.16385455946712174
746,15,067,15657.0,0.17635132852009958
747,15,051,28196.0,0.16554040169791048
748,15,070,51776.0,0.17026650180210992
749,15,084,7472.0,0.1714036657261487
750,15,053,10106.0,0.1650767722966351
751,15,071,2677.0,0.1786453119786453
752,15,072,2649.0,0.1658527422990233
753,15,073,5417.0,0.16948251048119642
754,15,076,16874.0,0.17321234268820956
755,15,009,8443.0,0.15798731311165584
756,15,048,11908.0,0.17192192192192193
757,15,031,126716.0,0.17968981541223467
758,15,047,15208.0,0.19795381771796006
759,15,042,28900.0,0.18046821823540798
760,15,040,6973.0,0.1889138739129257
761,15,036,7925.0,0.16949333789593002
762,15,034,2207.0,0.2038422462362612
763,15,041,1391.0,0.21482625482625484
764,15,079,2579.0,0.18006004328702088
765,15,123,6364.0,0.22080355284157935
766,15,114,24116.0,0.22289178897556286
767,15,085,12430.0,0.18715933387538772
768,15,088,19491.0,0.18620136228588896
769,15,099,41394.0,0.14913424748344514
770,15,030,4607.0,0.1663657373970822
771,15,081,80163.0,0.14641563607870642
772,15,089,1913.0,0.16841271238665376
773,15,090,17122.0,0.18915574802801652
774,15,003,9306.0,0.18889294848374133
775,15,005,32376.0,0.18544336061676986
776,15,068,5551.0,0.18031508851713496
777,15,063,7413.0,0.2046489799298788
778,15,113,14986.0,0.2169180441768231
779,15,112,10082.0,0.19577459318808496
780,15,111,11335.0,0.21276396058188643
781,15,028,4675.0,0.15559993343318357
782,15,075,4630.0,0.1586594476046878
783,15,091,11110.0,0.16972456041186085
784,15,121,71330.0,0.12848478735074204
785,15,122,68700.0,0.1753754489688077
786,15,108,24597.0,0.15602778394493957
787,15,006,2286.0,0.18008507956514888
788,15,012,2378.0,0.18314849044978435
789,16,088,20091.0,0.17544732912420424
790,16,054,1274.0,0.15958912689465113
791,16,055,9724.0,0.21263010583398934
792,16,061,5970.0,0.2409784451441027
793,16,099,2979.0,0.20790006280968665
794,16,075,15483.0,0.19614872996769495
795,16,076,13844.0,0.17640837442817642
796,16,033,4282.0,0.1994782446659834
797,16,035,6396.0,0.20883534136546184
798,16,036,1922.0,0.16506355204397113
799,16,037,1071.0,0.13480176211453745
800,16,038,7581.0,0.18061611035665784
801,16,039,1912.0,0.21209095951192458
802,16,040,3386.0,0.18417187924938808
803,16,041,3225.0,0.2010222526958798
804,16,042,2669.0,0.18661725632778633
805,16,049,4318.0,0.2262391281567641
806,16,050,18452.0,0.20660388977841476
807,16,051,2396.0,0.17135092612457983
808,16,052,35454.0,0.18088498645428897
809,16,053,130196.0,0.15334260640972944
810,16,014,3448.0,0.2025613911408765
811,16,015,3961.0,0.20175215198899812
812,16,016,3318.0,0.1582637729549249
813,16,017,7543.0,0.21508411747932707
814,16,011,2241.0,0.19185001284136632
815,16,010,3788.0,0.18630729883926814
816,16,113,4458.0,0.1700682867279594
817,16,110,8945.0,0.18253239465360677
818,16,109,402.0,0.12438118811881188
819,16,108,36405.0,0.17770672654495753
820,16,107,13152.0,0.17118535969490686
821,16,106,6172.0,0.1910658452775284
822,16,112,29220.0,0.18604828850855745
823,16,009,7209.0,0.1987702657990515
824,16,008,5787.0,0.23451937104879234
825,16,007,719.0,0.20374043638424483
826,16,006,25184.0,0.19957049234889968
827,16,005,2196.0,0.2016158648549394
828,16,004,2575.0,0.17232148832229138
829,16,003,4408.0,0.19165217391304348
830,16,002,3055.0,0.2070624915277213
831,16,111,4108.0,0.2232366047168786
832,16,101,1860.0,0.2100508187464709
833,16,100,2866.0,0.19220709543290188
834,16,095,2079.0,0.1686815415821501
835,16,094,1032.0,0.16074766355140188
836,16,093,5967.0,0.20895783723210534
837,16,092,2720.0,0.21190401994390776
838,16,034,24430.0,0.1943330787832506
839,16,089,4291.0,0.17824208689872892
840,16,085,6645.0,0.1884785568413887
841,16,084,6583.0,0.20756085256652793
842,16,105,3964.0,0.1889238394814603
843,16,074,1902.0,0.1802331090685113
844,16,073,5009.0,0.18431704445098615
845,16,071,11993.0,0.1731591105977476
846,16,018,1664.0,0.17545339519190215
847,16,019,3647.0,0.18056243192395285
848,16,020,5338.0,0.1784687395519893
849,16,103,4292.0,0.18287954322723593
850,16,021,2673.0,0.1974296476844671
851,16,022,4074.0,0.1620653989975336
852,16,067,2751.0,0.16551350700920522
853,16,072,2514.0,0.18007306066900652
854,16,086,2707.0,0.17426290717136603
855,16,087,3111.0,0.19956379498364232
856,16,070,2400.0,0.15480874669418823
857,16,069,18407.0,0.1728519109775566
858,16,068,5961.0,0.20283099118717887
859,16,066,18827.0,0.19136630684474804
860,16,065,7649.0,0.1928789368837784
861,16,064,5571.0,0.2076252236135957
862,16,063,2575.0,0.17294647054872725
863,16,062,4245.0,0.2018736922198973
864,16,060,1629.0,0.17261841686976792
865,16,059,1767.0,0.19574609504818877
866,16,058,4260.0,0.2030408464801487
867,16,057,1901.0,0.23194241093216203
868,16,090,3407.0,0.20869831546707504
869,16,091,2624.0,0.17570644167671087
870,16,046,2907.0,0.19463042313872522
871,16,047,4074.0,0.2054048603408289
872,16,048,1089.0,0.18955613577023497
873,16,096,1152.0,0.1929325071177357
874,16,097,6357.0,0.21878441629955947
875,16,056,6857.0,0.2103503282409964
876,16,102,66245.0,0.1856715229857674
877,16,024,4492.0,0.2182065481395123
878,16,098,4820.0,0.1871335947509415
879,16,031,3139.0,0.1948237338629593
880,16,012,9428.0,0.2070358821204269
881,16,080,4320.0,0.21781878687036757
882,16,032,2990.0,0.19026407890550429
883,16,001,2041.0,0.18060348641713123
884,16,043,13475.0,0.19591166165074658
885,16,044,2013.0,0.15549204387455584
886,16,045,6107.0,0.1688976160185851
887,16,081,1956.0,0.21551344204495373
888,16,082,17471.0,0.21965049031933617
889,16,083,7419.0,0.22177383194332348
890,16,013,2078.0,0.22646033129904097
891,16,077,3280.0,0.18555184703286756
892,16,104,2569.0,0.16193898134140192
893,16,079,10385.0,0.2081329164662498
894,16,078,1952.0,0.15235716515766468
895,16,023,1743.0,0.1673226456753384
896,16,025,8049.0,0.19844674556213018
897,16,026,967.0,0.2025979467839933
898,16,027,735.0,0.1486650485436893
899,16,028,766.0,0.1463787502388687
900,16,029,2684.0,0.21746880570409982
901,16,030,1641.0,0.13848101265822785
902,17,006,28646.0,0.1530905631740399
903,17,003,7466.0,0.19058559248481136
904,17,021,1235.0,0.1621373244059341
905,17,030,10019.0,0.17864593548847243
906,17,027,2247.0,0.17623529411764705
907,17,008,16582.0,0.15489523880694608
908,17,023,1492.0,0.18783834823114692
909,17,004,15445.0,0.17192822316717501
910,17,007,49122.0,0.12978894302412836
911,17,031,5024.0,0.13919210949188232
912,17,020,8495.0,0.15449106152363287
913,17,019,4686.0,0.16663110731811392
914,17,005,1676.0,0.15931558935361217
915,17,012,8501.0,0.1473769980236469
916,17,017,6702.0,0.16747463641361388
917,17,009,4056.0,0.16544972465837243
918,17,015,2530.0,0.16010631565624606
919,17,013,2770.0,0.1659278782796214
920,17,011,31285.0,0.14527041145632602
921,17,032,1579.0,0.1584545910687406
922,17,014,1611.0,0.16689112193100591
923,17,024,8445.0,0.16116719784728717
924,17,018,19305.0,0.1578973197124232
925,17,029,16674.0,0.15762904140669315
926,17,016,3464.0,0.18023830584317602
927,17,034,2191.0,0.19309068476249228
928,17,033,2850.0,0.17195607578134428
929,17,035,4860.0,0.17478870706707428
930,17,022,2812.0,0.18932202248703967
931,17,025,5122.0,0.15158779484447601
932,17,036,1539.0,0.19592616168045832
933,17,001,3186.0,0.18104330037504263
934,17,028,12099.0,0.1645249459470485
935,17,010,3204.0,0.17411150961851973
936,17,026,3211.0,0.1654472382522671
937,17,002,4243.0,0.16815948002536463
938,18,014,4262.0,0.17108907711452773
939,18,008,11508.0,0.17642459642183692
940,18,020,36438.0,0.1941992837042722
941,18,003,1918.0,0.1662621359223301
942,18,007,4118.0,0.21313596604730603
943,18,006,5321.0,0.18161029386668487
944,18,005,3076.0,0.25151267375306624
945,18,019,3006.0,0.21911218018806036
946,18,012,7083.0,0.17060070330940796
947,18,018,4611.0,0.1533728046833422
948,18,017,67097.0,0.15753279927874456
949,18,011,4643.0,0.19268758300132802
950,18,010,5825.0,0.17353352995501534
951,18,009,13742.0,0.28900105152471084
952,18,004,13456.0,0.17376930626581952
953,18,002,2463.0,0.16000779575131555
954,18,001,6525.0,0.17525247099269445
955,18,013,1152.0,0.14994142912924638
956,18,016,5863.0,0.15788339841120236
957,18,015,15436.0,0.16424596460986796
958,19,039,146195.0,0.12790530833932637
959,19,018,85570.0,0.21543031935650356
960,19,006,108255.0,0.16490622486533915
961,19,016,558.0,0.17137592137592136
962,19,010,24659.0,0.23602098049350104
963,19,020,988.0,0.17944061024337088
964,19,019,14220.0,0.10758952553170562
965,19,021,83747.0,0.17403312046848277
966,19,048,47976.0,0.15661950496536325
967,19,011,1151.0,0.15681198910081745
968,19,022,2026.0,0.1435962860585442
969,19,008,597.0,0.1630701993990713
970,19,001,532.0,0.1788836583725622
971,19,014,6900.0,0.19119929062292174
972,19,013,1583.0,0.1594159113796576
973,19,024,1197.0,0.19054441260744986
974,19,007,2391.0,0.15948505869797225
975,19,045,18145.0,0.20912569439642256
976,19,009,20221.0,0.16528932375323901
977,19,012,14889.0,0.2165767233479279
978,19,038,10503.0,0.15576615056059798
979,19,023,220.0,0.12168141592920353
980,19,029,1044.0,0.14859094790777114
981,19,028,218.0,0.15728715728715728
982,19,030,530.0,0.16070345664038813
983,19,037,1119.0,0.18501984126984128
984,19,050,203.0,0.13079896907216496
985,19,034,858.0,0.16761086149638602
986,19,015,188.0,0.13823529411764707
987,19,035,213.0,0.14362778152393796
988,19,033,13259.0,0.15660359530390003
989,19,036,1656.0,0.21641400940930475
990,19,032,954.0,0.17828443281629602
991,19,043,391.0,0.16449305847707194
992,19,047,2647.0,0.16455302747730946
993,19,031,92672.0,0.1965376026195965
994,19,027,228.0,0.11638591117917305
995,19,049,6501.0,0.1389577633378933
996,19,025,20868.0,0.20428981194137974
997,19,017,7584.0,0.18541427279172676
998,19,051,470.0,0.13154212146655472
999,19,046,43436.0,0.10537628669647428
1000,19,026,82686.0,0.12856549787527813
1001,19,044,5021.0,0.1446598864847734
1002,19,042,685.0,0.12711078122100575
1003,19,041,33010.0,0.22360862732347045
1004,19,005,3272.0,0.1814753189129229
1005,19,040,102.0,0.11258278145695365
1006,19,004,5764.0,0.16333701720082747
1007,19,003,200.0,0.14214641080312723
1008,19,002,426.0,0.12596096984033117
1009,20,084,521.0,0.125
1010,20,481,318.0,0.16754478398314016
1011,20,517,1243.0,0.20617017747553493
1012,20,524,30.0,0.09174311926605505
1013,20,378,691.0,0.18575268817204302
1014,20,054,62.0,0.15346534653465346
1015,20,542,142.0,0.1600901916572717
1016,20,489,998.0,0.20330006111224283
1017,20,544,181.0,0.1753875968992248
1018,20,490,570.0,0.19166106254203094
1019,20,333,561.0,0.1703096539162113
1020,20,334,9629.0,0.19051858886844344
1021,20,562,291.0,0.17300832342449465
1022,20,133,754.0,0.1916624300965938
1023,20,134,6316.0,0.2216140350877193
1024,20,138,53.0,0.11751662971175167
1025,20,149,455.0,0.22535908865775137
1026,20,161,441.0,0.16153846153846155
1027,20,159,1183.0,0.213653603034134
1028,20,437,1808.0,0.18729928519631203
1029,20,441,2066.0,0.22373835824128221
1030,20,446,984.0,0.16378162450066577
1031,20,447,3521.0,0.205906432748538
1032,20,469,7890.0,0.2271484093853462
1033,20,511,663.0,0.19880059970014993
1034,20,513,1792.0,0.19851556441785753
1035,20,278,7993.0,0.20663357634041674
1036,20,457,584.0,0.17453676031081888
1037,20,163,288.0,0.18262523779327838
1038,20,166,1902.0,0.16816976127320954
1039,20,237,259.0,0.16517857142857142
1040,20,506,113.0,0.14160401002506265
1041,20,482,10887.0,0.19496776504297994
1042,20,508,236.0,0.14585908529048208
1043,20,205,3325.0,0.19571487433044912
1044,20,271,711.0,0.22260488415779586
1045,20,329,201.0,0.17432784041630528
1046,20,330,815.0,0.18971135940409684
1047,20,238,192.0,0.193158953722334
1048,20,545,1947.0,0.19279136548173087
1049,20,546,860.0,0.13454317897371715
1050,20,547,167.0,0.16616915422885573
1051,20,170,579.0,0.1564864864864865
1052,20,230,173.0,0.18562231759656653
1053,20,168,206.0,0.21961620469083157
1054,20,184,27088.0,0.16988184532022177
1055,20,185,1709.0,0.1911846962747511
1056,20,186,99.0,0.18893129770992367
1057,20,214,339.0,0.16674864731923267
1058,20,220,481.0,0.1786775631500743
1059,20,227,2779.0,0.1515349800970609
1060,20,261,1502.0,0.21667628390075014
1061,20,552,46.0,0.11219512195121951
1062,20,262,168.0,0.16952573158425832
1063,20,266,1536.0,0.1796281136709157
1064,20,246,107.0,0.1751227495908347
1065,20,277,2503.0,0.20267206477732794
1066,20,550,862.0,0.14954892435808467
1067,20,253,333.0,0.16476991588322612
1068,20,254,593.0,0.18490801371998752
1069,20,272,1553.0,0.24840051183621242
1070,20,273,856.0,0.22420115243583028
1071,20,275,1388.0,0.19050233324183366
1072,20,551,5400.0,0.17848879487009983
1073,20,357,99.0,0.11674528301886793
1074,20,553,1997.0,0.16549266594845446
1075,20,265,1099.0,0.16376098942035464
1076,20,493,82.0,0.15045871559633028
1077,20,318,9145.0,0.18370831659300924
1078,20,327,2954.0,0.19083920149880484
1079,20,554,1269.0,0.2149390243902439
1080,20,555,556.0,0.1626206493126645
1081,20,556,53.0,0.17320261437908496
1082,20,018,132.0,0.17553191489361702
1083,20,036,977.0,0.185882800608828
1084,20,338,1672.0,0.1613743847119004
1085,20,344,609.0,0.21680313278746885
1086,20,366,837.0,0.22769314472252447
1087,20,377,2081.0,0.19162062615101288
1088,20,451,151.0,0.1481844946025515
1089,20,404,92.0,0.12089356110381078
1090,20,407,1713.0,0.1788473585299645
1091,20,502,1059.0,0.20809589310277068
1092,20,005,2113.0,0.13845750606120175
1093,20,558,189.0,0.1373546511627907
1094,20,561,518.0,0.17535545023696683
1095,20,056,279.0,0.19294605809128632
1096,20,563,197.0,0.15823293172690764
1097,20,564,207.0,0.17322175732217573
1098,20,565,8567.0,0.1843793044077135
1099,20,099,69.0,0.18110236220472442
1100,20,491,1146.0,0.23245436105476674
1101,20,497,949.0,0.22419088117174582
1102,20,549,2001.0,0.17453118185782818
1103,20,031,1282.0,0.17842727905358385
1104,20,279,493.0,0.16814461118690313
1105,20,401,5429.0,0.20073208607557494
1106,20,367,831.0,0.18136185072020952
1107,20,503,56.0,0.13176470588235295
1108,20,379,579.0,0.19620467638088784
1109,20,494,1330.0,0.2111111111111111
1110,20,500,1541.0,0.19284194719058942
1111,20,499,297.0,0.15452653485952134
1112,20,058,2423.0,0.19045747523974219
1113,20,059,9772.0,0.19398511166253102
1114,20,177,1811.0,0.17472262421611193
1115,20,359,72.0,0.1130298273155416
1116,20,364,4040.0,0.2165755333976627
1117,20,569,238.0,0.16368638239339753
1118,20,570,3873.0,0.17530439505725795
1119,20,567,720.0,0.21289178001182732
1120,20,057,6905.0,0.18083964067778854
1121,20,423,40.0,0.08830022075055188
1122,20,112,301.0,0.11684782608695653
1123,20,510,135.0,0.17763157894736842
1124,20,371,162.0,0.1643002028397566
1125,20,424,772.0,0.20353282362246244
1126,20,406,4374.0,0.20373561879919885
1127,20,410,659.0,0.1928028086600351
1128,20,435,737.0,0.20609619686800895
1129,20,417,1854.0,0.19148936170212766
1130,20,422,78.0,0.12935323383084577
1131,20,439,5230.0,0.20633605554898016
1132,20,450,3704.0,0.26734031035727174
1133,20,075,353.0,0.13270676691729325
1134,20,501,143.0,0.1432865731462926
1135,20,504,305.0,0.1918238993710692
1136,20,505,1101.0,0.14334071084494207
1137,20,251,275.0,0.22596548890714874
1138,20,459,689.0,0.14127537420545416
1139,20,477,241.0,0.1816126601356443
1140,20,484,965.0,0.2164647824136384
1141,20,485,779.0,0.24856413529036375
1142,20,492,439.0,0.15882778581765558
1143,20,495,693.0,0.22878837900297128
1144,20,534,695.0,0.19789293849658315
1145,20,537,1169.0,0.17421758569299553
1146,20,543,1394.0,0.21829000939555276
1147,20,548,399.0,0.20357142857142857
1148,20,463,52.0,0.09904761904761905
1149,20,467,3802.0,0.1989326077856844
1150,20,559,4308.0,0.18676030693198076
1151,20,169,854.0,0.20089390731592566
1152,20,117,420.0,0.18978761861726162
1153,20,512,265.0,0.24069028156221617
1154,20,514,188.0,0.1997874601487779
1155,20,118,360.0,0.1506906655504395
1156,20,518,11.0,0.09734513274336283
1157,20,568,331.0,0.1952802359882006
1158,20,521,37.0,0.148
1159,20,001,129.0,0.15338882282996433
1160,20,256,37.0,0.1615720524017467
1161,20,003,434.0,0.17039654495484885
1162,20,263,660.0,0.20728643216080403
1163,20,004,190.0,0.17163504968383017
1164,20,007,353.0,0.1473903966597077
1165,20,267,25.0,0.10204081632653061
1166,20,011,314.0,0.2239657631954351
1167,20,027,345.0,0.1583295089490592
1168,20,030,1240.0,0.1420389461626575
1169,20,519,529.0,0.15623154164205552
1170,20,013,461.0,0.15149523496549458
1171,20,460,1040.0,0.1983975581838993
1172,20,044,7110.0,0.17369423950749988
1173,20,017,662.0,0.18353202107014138
1174,20,507,669.0,0.2120443740095087
1175,20,049,214.0,0.18074324324324326
1176,20,520,1204.0,0.16285675639118086
1177,20,019,430.0,0.15613652868554828
1178,20,022,91.0,0.1133250311332503
1179,20,024,624.0,0.1712403951701427
1180,20,025,1973.0,0.17374075378654455
1181,20,026,1676.0,0.18550083010514665
1182,20,029,854.0,0.20260972716488732
1183,20,032,207.0,0.19220055710306408
1184,20,515,10927.0,0.16131032344734939
1185,20,516,1186.0,0.22547528517110266
1186,20,033,411.0,0.1403209286445886
1187,20,050,722.0,0.19253333333333333
1188,20,034,218.0,0.16925465838509315
1189,20,035,139.0,0.2115677321156773
1190,20,051,1013.0,0.21263643996641476
1191,20,536,60.0,0.133630289532294
1192,20,037,864.0,0.19529837251356238
1193,20,040,1497.0,0.23445575567736884
1194,20,041,6085.0,0.19189530116682435
1195,20,042,1670.0,0.19916517590936195
1196,20,045,1174.0,0.14883367139959433
1197,20,053,152.0,0.11719352351580571
1198,20,046,435.0,0.14780835881753313
1199,20,047,7.0,0.08641975308641975
1200,20,048,370.0,0.25819958129797627
1201,20,522,252.0,0.2091286307053942
1202,20,456,280.0,0.16796640671865626
1203,20,060,446.0,0.17933252915158826
1204,20,061,623.0,0.2153473902523332
1205,20,062,70.0,0.14056224899598393
1206,20,063,574.0,0.13370603307710227
1207,20,065,167.0,0.15477293790546803
1208,20,069,702.0,0.23001310615989515
1209,20,070,1310.0,0.2041770573566085
1210,20,071,640.0,0.1966205837173579
1211,20,072,1663.0,0.20635314555155726
1212,20,074,78.0,0.17105263157894737
1213,20,076,643.0,0.18850776898270302
1214,20,190,4403.0,0.19617715202281233
1215,20,078,191.0,0.14681014604150652
1216,20,077,711.0,0.16270022883295193
1217,20,523,251.0,0.15370483772198407
1218,20,081,289.0,0.1544628540887226
1219,20,080,249.0,0.15630885122410546
1220,20,082,793.0,0.19048762911362
1221,20,086,159.0,0.15406976744186046
1222,20,083,1933.0,0.16969537354051445
1223,20,092,295.0,0.1661036036036036
1224,20,087,994.0,0.1800398478536497
1225,20,089,366.0,0.158578856152513
1226,20,090,1194.0,0.1915303176130895
1227,20,091,842.0,0.13409778627169933
1228,20,094,328.0,0.1772972972972973
1229,20,096,110.0,0.1455026455026455
1230,20,097,245.0,0.1383399209486166
1231,20,098,791.0,0.18686510748877863
1232,20,095,908.0,0.19903551074090312
1233,20,100,51.0,0.1297709923664122
1234,20,101,126.0,0.16844919786096257
1235,20,102,832.0,0.15621479534359745
1236,20,233,227.0,0.13197674418604652
1237,20,103,1009.0,0.16639182058047494
1238,20,104,525.0,0.19408502772643252
1239,20,105,1593.0,0.20747590518364156
1240,20,107,4820.0,0.18339547979605814
1241,20,108,561.0,0.19107629427792916
1242,20,109,218.0,0.17694805194805194
1243,20,110,370.0,0.22182254196642687
1244,20,111,1080.0,0.22162938641493946
1245,20,527,509.0,0.20441767068273092
1246,20,116,845.0,0.20455095618494312
1247,20,114,91.0,0.13501483679525222
1248,20,115,1495.0,0.14387450678471755
1249,20,413,8832.0,0.1736463371475758
1250,20,119,80.0,0.10884353741496598
1251,20,120,67.0,0.1492204899777283
1252,20,121,69.0,0.11577181208053691
1253,20,014,4334.0,0.15433373691332525
1254,20,015,1057.0,0.19734876773711726
1255,20,123,600.0,0.21208907741251326
1256,20,125,2276.0,0.19516377979763333
1257,20,122,115.0,0.17611026033690658
1258,20,528,134.0,0.14823008849557523
1259,20,124,3470.0,0.17617790414297319
1260,20,129,62.0,0.17415730337078653
1261,20,206,442.0,0.1825691862866584
1262,20,126,1103.0,0.20441067457375833
1263,20,020,1135.0,0.23416546317309675
1264,20,127,232.0,0.1853035143769968
1265,20,128,188.0,0.14008941877794337
1266,20,529,324.0,0.2198100407055631
1267,20,131,2006.0,0.17579528525107352
1268,20,130,976.0,0.18841698841698842
1269,20,152,582.0,0.2354368932038835
1270,20,153,1011.0,0.20590631364562118
1271,20,132,211.0,0.15289855072463768
1272,20,135,1576.0,0.19147126716073382
1273,20,136,2530.0,0.2075301451890739
1274,20,137,685.0,0.19855072463768117
1275,20,139,457.0,0.2082004555808656
1276,20,140,134.0,0.16502463054187191
1277,20,141,1883.0,0.2161882893226177
1278,20,160,251.0,0.17564730580825752
1279,20,142,106.0,0.12589073634204276
1280,20,143,1610.0,0.1701722862276715
1281,20,144,188.0,0.17488372093023255
1282,20,172,39.0,0.09558823529411764
1283,20,145,880.0,0.16874400767018216
1284,20,531,441.0,0.16883614088820828
1285,20,146,559.0,0.1994291830181948
1286,20,147,56.0,0.14893617021276595
1287,20,148,524.0,0.24014665444546288
1288,20,150,2531.0,0.18266454965357967
1289,20,151,42.0,0.1346153846153846
1290,20,157,2539.0,0.15088845308135734
1291,20,248,3323.0,0.21340954338192794
1292,20,158,458.0,0.2051052395879982
1293,20,162,402.0,0.19648093841642228
1294,20,164,590.0,0.204790003471017
1295,20,176,409.0,0.15009174311926604
1296,20,165,321.0,0.19705340699815838
1297,20,167,446.0,0.2075383899488134
1298,20,530,763.0,0.19449400968646444
1299,20,187,268.0,0.14823008849557523
1300,20,171,3906.0,0.21577726218097448
1301,20,188,2046.0,0.21292538245394943
1302,20,173,207.0,0.14207275223061083
1303,20,174,705.0,0.1544697633654689
1304,20,191,41.0,0.13851351351351351
1305,20,196,59.0,0.14496314496314497
1306,20,178,1071.0,0.1600418410041841
1307,20,197,513.0,0.15602189781021897
1308,20,180,461.0,0.19667235494880547
1309,20,204,97.0,0.1529968454258675
1310,20,181,66.0,0.1456953642384106
1311,20,480,205.0,0.15173945225758698
1312,20,182,441.0,0.20220082530949107
1313,20,183,308.0,0.2088135593220339
1314,20,189,638.0,0.20474967907573813
1315,20,192,181.0,0.11892247043363995
1316,20,193,484.0,0.1724260776629854
1317,20,194,184.0,0.13411078717201166
1318,20,195,147.0,0.13920454545454544
1319,20,199,64.0,0.12955465587044535
1320,20,200,614.0,0.1658115041857953
1321,20,201,369.0,0.19627659574468084
1322,20,202,1041.0,0.2274415556041075
1323,20,203,749.0,0.2117015262860373
1324,20,210,1079.0,0.18690455569028236
1325,20,208,1032.0,0.14868174614608845
1326,20,209,78.0,0.128500823723229
1327,20,566,633.0,0.2013358778625954
1328,20,215,160.0,0.1820250284414107
1329,20,218,75.0,0.13786764705882354
1330,20,284,613.0,0.19516077682266794
1331,20,216,230.0,0.185334407735697
1332,20,217,646.0,0.19428571428571428
1333,20,219,458.0,0.17166416791604197
1334,20,221,237.0,0.15863453815261044
1335,20,222,230.0,0.16129032258064516
1336,20,223,76.0,0.17272727272727273
1337,20,541,196.0,0.1258023106546855
1338,20,224,85.0,0.1321928460342146
1339,20,225,1140.0,0.19312214128409283
1340,20,016,2450.0,0.2561957544703545
1341,20,226,479.0,0.16122517670817907
1342,20,228,184.0,0.22088835534213686
1343,20,229,2423.0,0.26486663751639705
1344,20,231,602.0,0.18889237527455288
1345,20,232,4530.0,0.2041920216362407
1346,20,234,1497.0,0.20899064637721626
1347,20,235,748.0,0.19535126664925567
1348,20,236,327.0,0.23833819241982507
1349,20,239,125.0,0.125
1350,20,240,650.0,0.2364496180429247
1351,20,241,173.0,0.16731141199226304
1352,20,242,3004.0,0.24155677066580894
1353,20,243,328.0,0.1660759493670886
1354,20,244,783.0,0.19903406202338586
1355,20,249,793.0,0.2069955625163143
1356,20,525,2023.0,0.1620604021469198
1357,20,526,3345.0,0.20044343240651966
1358,20,245,260.0,0.19637462235649547
1359,20,269,749.0,0.17366102480871784
1360,20,247,227.0,0.14021000617665225
1361,20,250,202.0,0.16303470540758677
1362,20,255,395.0,0.19979767324228628
1363,20,252,465.0,0.1950503355704698
1364,20,257,161.0,0.15304182509505704
1365,20,258,102.0,0.14613180515759314
1366,20,259,429.0,0.20028011204481794
1367,20,260,428.0,0.1953445915107257
1368,20,268,232.0,0.20191470844212359
1369,20,276,97.0,0.14037626628075253
1370,20,281,35.0,0.11475409836065574
1371,20,274,238.0,0.17921686746987953
1372,20,532,775.0,0.19060501721593703
1373,20,280,288.0,0.14321233217304824
1374,20,533,498.0,0.18268525311812178
1375,20,368,369.0,0.17851959361393324
1376,20,282,103.0,0.15773353751914243
1377,20,052,929.0,0.1549366244162775
1378,20,283,186.0,0.1781609195402299
1379,20,535,668.0,0.20700340873876666
1380,20,286,514.0,0.16580645161290322
1381,20,285,727.0,0.19820065430752454
1382,20,288,100.0,0.17094017094017094
1383,20,289,233.0,0.19192751235584843
1384,20,290,186.0,0.17833173537871524
1385,20,292,315.0,0.20860927152317882
1386,20,380,368.0,0.1641391614629795
1387,20,294,1112.0,0.15806680881307747
1388,20,043,18787.0,0.16542220656863607
1389,20,295,1676.0,0.16726546906187625
1390,20,538,132.0,0.18513323983169705
1391,20,296,144.0,0.15078534031413612
1392,20,297,523.0,0.1901126862958924
1393,20,304,113.0,0.15782122905027932
1394,20,299,201.0,0.17866666666666667
1395,20,300,1189.0,0.1792822677925211
1396,20,308,633.0,0.191412156032658
1397,20,301,250.0,0.15683814303638646
1398,20,311,84.0,0.17391304347826086
1399,20,302,1052.0,0.23075235797323976
1400,20,303,163.0,0.150786308973173
1401,20,305,588.0,0.13570274636510501
1402,20,321,137.0,0.18242343541944075
1403,20,332,41.0,0.10991957104557641
1404,20,307,1641.0,0.16856702619414485
1405,20,312,2529.0,0.2242220054969412
1406,20,313,93.0,0.1273972602739726
1407,20,314,275.0,0.15669515669515668
1408,20,079,13082.0,0.15493024467656744
1409,20,331,173.0,0.17617107942973523
1410,20,315,375.0,0.19747235387045814
1411,20,316,99.0,0.13414634146341464
1412,20,207,4048.0,0.2126944094157209
1413,20,317,201.0,0.15990453460620524
1414,20,356,358.0,0.1642955484167049
1415,20,319,153.0,0.1574074074074074
1416,20,320,117.0,0.16572237960339944
1417,20,322,123.0,0.15648854961832062
1418,20,323,437.0,0.18178036605657238
1419,20,325,2385.0,0.19991617770326908
1420,20,326,1175.0,0.23258115597783055
1421,20,328,323.0,0.2241498959056211
1422,20,335,135.0,0.15570934256055363
1423,20,336,241.0,0.14201532115497936
1424,20,339,736.0,0.16907879623248334
1425,20,340,219.0,0.12535775615340583
1426,20,341,34.0,0.14107883817427386
1427,20,342,688.0,0.16760048721071863
1428,20,343,282.0,0.14107053526763383
1429,20,345,810.0,0.19340974212034384
1430,20,346,265.0,0.17185473411154345
1431,20,347,777.0,0.1849119466920514
1432,20,539,989.0,0.15579710144927536
1433,20,211,916.0,0.26854294928173555
1434,20,212,778.0,0.2495989733718319
1435,20,213,1144.0,0.27218653342850346
1436,20,348,1454.0,0.177490234375
1437,20,349,343.0,0.1566925536774783
1438,20,540,1403.0,0.1685082872928177
1439,20,350,2262.0,0.13402061855670103
1440,20,352,1319.0,0.267004048582996
1441,20,353,489.0,0.20324189526184538
1442,20,354,74.0,0.15513626834381553
1443,20,355,116.0,0.17033773861967694
1444,20,358,291.0,0.14862104187946884
1445,20,360,674.0,0.16930419492589802
1446,20,361,128.0,0.15515151515151515
1447,20,362,205.0,0.13712374581939799
1448,20,363,419.0,0.15663551401869158
1449,20,369,382.0,0.1741906064751482
1450,20,370,95.0,0.14350453172205438
1451,20,381,571.0,0.19421768707482992
1452,20,372,191.0,0.14513677811550152
1453,20,373,60.0,0.1488833746898263
1454,20,374,372.0,0.22613981762917934
1455,20,293,2493.0,0.145653189997663
1456,20,375,2183.0,0.16537878787878788
1457,20,376,62.0,0.16986301369863013
1458,20,382,179.0,0.15143824027072758
1459,20,383,103.0,0.173109243697479
1460,20,384,954.0,0.19899874843554444
1461,20,386,4232.0,0.2218145605115572
1462,20,387,440.0,0.1521964718090626
1463,20,179,241.0,0.16655148583275742
1464,20,388,608.0,0.21644713421146317
1465,20,390,7340.0,0.1457448075930265
1466,20,408,78.0,0.156312625250501
1467,20,391,730.0,0.2162962962962963
1468,20,418,1862.0,0.15867064337452066
1469,20,392,1210.0,0.1798988997918525
1470,20,393,734.0,0.1758926431823628
1471,20,394,434.0,0.1552217453505007
1472,20,395,220.0,0.13505217925107427
1473,20,396,620.0,0.19024240564590364
1474,20,397,7590.0,0.18916830745457716
1475,20,398,776.0,0.15921214608124742
1476,20,399,7388.0,0.17623625390615683
1477,20,400,282.0,0.1646234676007005
1478,20,402,213.0,0.19962511715089035
1479,20,154,443.0,0.1902103907256333
1480,20,155,216.0,0.2037735849056604
1481,20,156,605.0,0.16453630677182485
1482,20,403,613.0,0.16342308717675286
1483,20,419,96.0,0.16216216216216217
1484,20,405,280.0,0.15426997245179064
1485,20,409,1307.0,0.14621322295558786
1486,20,264,408.0,0.18810511756569848
1487,20,411,126.0,0.13876651982378854
1488,20,106,30.0,0.12048192771084337
1489,20,198,5182.0,0.17388094758741024
1490,20,365,147.0,0.1388101983002833
1491,20,002,8323.0,0.1842717027918613
1492,20,006,4046.0,0.1977130570758405
1493,20,008,97.0,0.13215258855585832
1494,20,009,1434.0,0.20912935686160128
1495,20,010,1871.0,0.13886002671812378
1496,20,055,733.0,0.1960417223856646
1497,20,412,676.0,0.21271239773442416
1498,20,414,2240.0,0.18674447686536055
1499,20,415,1015.0,0.20807708077080772
1500,20,287,28.0,0.09120521172638436
1501,20,291,849.0,0.19707520891364902
1502,20,298,2173.0,0.1599322882166777
1503,20,385,15840.0,0.15776578155813628
1504,20,416,52.0,0.11279826464208242
1505,20,420,344.0,0.20488385944014295
1506,20,023,4660.0,0.17335019715794955
1507,20,306,1050.0,0.22561237645036528
1508,20,310,3007.0,0.2066382627817482
1509,20,421,772.0,0.1646055437100213
1510,20,309,2283.0,0.22019675925925927
1511,20,324,9673.0,0.20066799435731475
1512,20,337,1071.0,0.1907051282051282
1513,20,351,504.0,0.17987152034261242
1514,20,425,331.0,0.1608357628765792
1515,20,426,1979.0,0.22069811531169845
1516,20,427,2578.0,0.15431581467736144
1517,20,428,529.0,0.23785971223021582
1518,20,432,116.0,0.12846068660022147
1519,20,429,238.0,0.15699208443271767
1520,20,430,36.0,0.11356466876971609
1521,20,431,318.0,0.1737704918032787
1522,20,021,2638.0,0.18208172280508006
1523,20,175,242.0,0.1699438202247191
1524,20,270,267.0,0.2036613272311213
1525,20,433,648.0,0.24053452115812918
1526,20,436,168.0,0.1875
1527,20,442,39.0,0.156
1528,20,434,845.0,0.2120451693851945
1529,20,438,382.0,0.2077215878194671
1530,20,440,107.0,0.13177339901477833
1531,20,444,102.0,0.21205821205821207
1532,20,443,70.0,0.16129032258064516
1533,20,445,267.0,0.15715126545026487
1534,20,448,669.0,0.2709599027946537
1535,20,449,573.0,0.17395264116575593
1536,20,452,716.0,0.16195430897986882
1537,20,453,623.0,0.1590096988259316
1538,20,454,628.0,0.1766029246344207
1539,20,455,645.0,0.22210743801652894
1540,20,458,201.0,0.17372515125324114
1541,20,461,81.0,0.15370018975332067
1542,20,462,743.0,0.16152173913043477
1543,20,464,44.0,0.12903225806451613
1544,20,465,355.0,0.2169926650366748
1545,20,466,3288.0,0.23688760806916426
1546,20,468,3221.0,0.2268629384420341
1547,20,470,598.0,0.13609467455621302
1548,20,471,61.0,0.14153132250580047
1549,20,472,500.0,0.1487652484379649
1550,20,473,211.0,0.16343919442292795
1551,20,474,685.0,0.19912790697674418
1552,20,475,1775.0,0.17444717444717445
1553,20,476,68.0,0.16152019002375298
1554,20,389,124.0,0.13656387665198239
1555,20,478,205.0,0.1282051282051282
1556,20,479,13.0,0.07471264367816093
1557,20,012,2920.0,0.261508149740283
1558,20,028,4415.0,0.19072922066701226
1559,20,039,14466.0,0.18472028909631863
1560,20,064,1457.0,0.17153284671532848
1561,20,066,805.0,0.15069262448521153
1562,20,067,38991.0,0.14390212396892474
1563,20,068,4032.0,0.16976127320954906
1564,20,073,6778.0,0.19560198545538496
1565,20,085,6764.0,0.25822707490264946
1566,20,088,575.0,0.199583477959042
1567,20,483,1773.0,0.16286974095168105
1568,20,486,372.0,0.1537825547747003
1569,20,093,82.0,0.1583011583011583
1570,20,113,664.0,0.20952982013253393
1571,20,498,1531.0,0.2016330831028579
1572,20,487,362.0,0.18413021363173956
1573,20,488,19.0,0.14615384615384616
1574,20,496,271.0,0.14315900686740624
1575,20,509,2888.0,0.25368938861560086
1576,20,557,2148.0,0.14771008114427175
1577,20,560,1002.0,0.1549404669862378
1578,20,038,291.0,0.15437665782493368
1579,21,169,4039.0,0.18086964309703998
1580,21,179,6345.0,0.20054363285818136
1581,21,202,2608.0,0.2002303262955854
1582,21,203,1447.0,0.2015881861242686
1583,21,193,1261.0,0.19471896232242125
1584,21,192,925.0,0.1561444969615125
1585,21,215,650.0,0.14320334875523244
1586,21,191,1881.0,0.1905582007901935
1587,21,216,412.0,0.16802610114192496
1588,21,199,9204.0,0.2143306243159537
1589,21,198,249.0,0.18978658536585366
1590,21,105,946.0,0.1863305101437857
1591,21,132,26960.0,0.17311125094710347
1592,21,200,553.0,0.16061574208539064
1593,21,148,2571.0,0.22360410506174988
1594,21,204,1429.0,0.1802927075447893
1595,21,147,1189.0,0.18750985648951268
1596,21,016,1770.0,0.19620884602593947
1597,21,021,274.0,0.18121693121693122
1598,21,026,2710.0,0.17746054613319365
1599,21,027,670.0,0.1623062015503876
1600,21,152,2402.0,0.19016704932309397
1601,21,206,978.0,0.210458360232408
1602,21,211,3091.0,0.1845152817574021
1603,21,212,4196.0,0.20253897765120432
1604,21,205,5923.0,0.22442406789936345
1605,21,009,452.0,0.20480289986406888
1606,21,076,4963.0,0.17981884057971015
1607,21,071,19560.0,0.18817462913435823
1608,21,070,960.0,0.15709376534118802
1609,21,067,3718.0,0.1979344122657581
1610,21,023,2104.0,0.23246050160203294
1611,21,012,1094.0,0.1659839174632074
1612,21,066,1202.0,0.18632770113160751
1613,21,065,4802.0,0.21159777914867367
1614,21,064,3074.0,0.1724640933572711
1615,21,063,3016.0,0.20425301368007584
1616,21,059,557.0,0.19571328179901618
1617,21,058,4906.0,0.23359680030473287
1618,21,057,1479.0,0.22117541498429788
1619,21,056,219.0,0.1662870159453303
1620,21,055,959.0,0.1887052341597796
1621,21,051,6787.0,0.18328382392654605
1622,21,050,5972.0,0.22177658942364825
1623,21,143,6525.0,0.18706995412844038
1624,21,172,4967.0,0.18250293944738388
1625,21,054,7588.0,0.2154274195837947
1626,21,127,520.0,0.14420410427066002
1627,21,159,538.0,0.1402502606882169
1628,21,156,57239.0,0.17487595932932493
1629,21,155,1128.0,0.1651537335285505
1630,21,154,16324.0,0.2021022396652264
1631,21,153,4646.0,0.19665608465608467
1632,21,151,1803.0,0.19355877616747183
1633,21,097,538.0,0.20164917541229385
1634,21,024,143.0,0.14651639344262296
1635,21,074,17054.0,0.1878317950525365
1636,21,166,1704.0,0.19107423189055842
1637,21,167,2127.0,0.20505157620746167
1638,21,108,4023.0,0.20213033211073708
1639,21,109,4381.0,0.2160895728519286
1640,21,110,11164.0,0.2222753155736073
1641,21,111,3259.0,0.17589594127806563
1642,21,210,962.0,0.16951541850220264
1643,21,136,2167.0,0.1739025760372362
1644,21,112,1659.0,0.1774331550802139
1645,21,114,243064.0,0.14363948064657386
1646,21,115,13066.0,0.2253069388881225
1647,21,116,5348.0,0.23399693721286371
1648,21,196,247.0,0.1573248407643312
1649,21,113,773.0,0.16706289172249839
1650,21,131,177.0,0.18153846153846154
1651,21,089,2379.0,0.19610914186794165
1652,21,049,3870.0,0.2226441146013117
1653,21,048,4106.0,0.1863060937429103
1654,21,047,4013.0,0.18493939812894603
1655,21,129,2511.0,0.17912683692395492
1656,21,130,621.0,0.1723085460599334
1657,21,183,4502.0,0.2203298585621299
1658,21,182,1177.0,0.21836734693877552
1659,21,171,740.0,0.192157881069852
1660,21,174,17301.0,0.16702547715358698
1661,21,176,1828.0,0.18915562913907286
1662,21,178,3118.0,0.19515553608311947
1663,21,180,8359.0,0.20119382867595734
1664,21,201,670.0,0.1985185185185185
1665,21,197,15329.0,0.19020734325172786
1666,21,195,6173.0,0.23242591965058926
1667,21,186,10412.0,0.18734705628328774
1668,21,181,1518.0,0.20444444444444446
1669,21,185,2285.0,0.22090100541376642
1670,21,046,1786.0,0.21799096789942635
1671,21,045,8818.0,0.18599451592491037
1672,21,043,9643.0,0.193386009947056
1673,21,213,2454.0,0.20506392579593882
1674,21,124,2996.0,0.1877898959508587
1675,21,042,628.0,0.1894419306184012
1676,21,077,1051.0,0.1766089732818014
1677,21,041,22056.0,0.16048313748317386
1678,21,177,13087.0,0.23900140621290428
1679,21,040,2625.0,0.21272285251215559
1680,21,207,11175.0,0.19304852557569058
1681,21,208,16746.0,0.19168736621604607
1682,21,184,1410.0,0.21955777016505762
1683,21,194,5557.0,0.1957034689205846
1684,21,190,170.0,0.14321819713563605
1685,21,039,1950.0,0.1982311680390363
1686,21,038,2413.0,0.228893948017454
1687,21,117,3025.0,0.18963139418254765
1688,21,189,4571.0,0.20357174668210565
1689,21,188,4213.0,0.2181206316334455
1690,21,187,872.0,0.1767328739359546
1691,21,087,2565.0,0.19274120829576194
1692,21,080,419.0,0.1591340676034941
1693,21,086,2337.0,0.19394190871369293
1694,21,084,1287.0,0.18517985611510793
1695,21,165,267.0,0.21957236842105263
1696,21,164,17649.0,0.20943396226415095
1697,21,163,3832.0,0.203245995544712
1698,21,017,6459.0,0.21716764171878153
1699,21,019,24838.0,0.1751708476441009
1700,21,173,1102.0,0.16563956110025552
1701,21,020,1565.0,0.20314122533748702
1702,21,175,2840.0,0.19678492239467849
1703,21,161,4371.0,0.1967323791520389
1704,21,160,675.0,0.1829764163730008
1705,21,069,5940.0,0.2031950193274724
1706,21,157,2451.0,0.1934185606060606
1707,21,162,798.0,0.192057761732852
1708,21,028,515.0,0.18672951414068165
1709,21,029,668.0,0.17528207819469954
1710,21,030,140.0,0.18134715025906736
1711,21,209,1509.0,0.17556719022687609
1712,21,031,542.0,0.1921985815602837
1713,21,118,6662.0,0.2219113287365511
1714,21,119,19853.0,0.12854164508442972
1715,21,032,248.0,0.17945007235890015
1716,21,033,1095.0,0.20266518600777345
1717,21,034,8772.0,0.1872918267998975
1718,21,035,3673.0,0.1778434125792863
1719,21,037,336.0,0.14395886889460155
1720,21,090,4569.0,0.1921120127822394
1721,21,091,1606.0,0.1634106634106634
1722,21,120,1278.0,0.21522398113843044
1723,21,092,1085.0,0.2049877196296996
1724,21,093,1480.0,0.1934640522875817
1725,21,094,7606.0,0.20414955578817404
1726,21,095,121.0,0.18615384615384614
1727,21,096,625.0,0.19678841309823678
1728,21,098,1265.0,0.1897120575884823
1729,21,099,4434.0,0.21462800716394792
1730,21,125,1646.0,0.17019956571192224
1731,21,126,1440.0,0.21828103683492497
1732,21,128,2299.0,0.22014746720291103
1733,21,158,1034.0,0.1533442088091354
1734,21,073,2001.0,0.2050204918032787
1735,21,100,1872.0,0.20107411385606874
1736,21,101,557.0,0.16792282182695206
1737,21,102,3014.0,0.2141385435168739
1738,21,103,1352.0,0.20349187236604455
1739,21,001,16392.0,0.22487447526545395
1740,21,106,8688.0,0.2036138648667651
1741,21,107,2458.0,0.20495288918535812
1742,21,214,3294.0,0.1794215371207582
1743,21,217,4460.0,0.21932628473075977
1744,21,072,3125.0,0.18294110759864185
1745,21,068,1348.0,0.19226929111396376
1746,21,062,945.0,0.19117944568076067
1747,21,061,3164.0,0.21879538067906784
1748,21,075,2721.0,0.2080275229357798
1749,21,078,3390.0,0.2128327473631341
1750,21,079,1132.0,0.19578000691802144
1751,21,088,805.0,0.1806147632936953
1752,21,081,834.0,0.2051660516605166
1753,21,053,13228.0,0.1990250361097737
1754,21,002,1558.0,0.1699018538713195
1755,21,060,1735.0,0.2173640691556001
1756,21,082,1606.0,0.18241708314402544
1757,21,003,7202.0,0.18975102094585694
1758,21,085,15730.0,0.189955198106486
1759,21,083,4874.0,0.19250365338283504
1760,21,104,7268.0,0.22177468570731113
1761,21,121,229.0,0.18031496062992125
1762,21,122,2093.0,0.1891891891891892
1763,21,123,741.0,0.19535987345109412
1764,21,004,14261.0,0.22372652683431907
1765,21,044,3397.0,0.19820292899235661
1766,21,005,467.0,0.1521172638436482
1767,21,006,2820.0,0.1939210562508596
1768,21,008,2233.0,0.1952093714485532
1769,21,133,122.0,0.17630057803468208
1770,21,134,3874.0,0.18470487269953276
1771,21,036,3428.0,0.23152775901661488
1772,21,025,1566.0,0.19078947368421054
1773,21,022,2594.0,0.20175779730885898
1774,21,170,3895.0,0.20286458333333332
1775,21,011,362.0,0.1920424403183024
1776,21,135,66.0,0.12547528517110265
1777,21,137,2245.0,0.21454510703363913
1778,21,138,2429.0,0.2061969439728353
1779,21,139,738.0,0.19632881085395051
1780,21,140,21746.0,0.15708682178382322
1781,21,141,632.0,0.1811926605504587
1782,21,018,726.0,0.18813164032132676
1783,21,142,5741.0,0.18737556708769867
1784,21,052,144.0,0.11851851851851852
1785,21,144,3552.0,0.21155449672424062
1786,21,168,1636.0,0.21746643626212947
1787,21,145,2736.0,0.20744559860489803
1788,21,146,98.0,0.1308411214953271
1789,21,149,5911.0,0.19502458015770893
1790,21,150,1223.0,0.20032760032760033
1791,21,010,16443.0,0.2199202867536914
1792,21,014,827.0,0.17186201163757273
1793,21,015,22833.0,0.18139279926276652
1794,21,007,657.0,0.2077798861480076
1795,21,013,4416.0,0.19514781917009147
1796,22,015,1734.0,0.20744108146907525
1797,22,003,2399.0,0.18254451377263733
1798,22,011,40670.0,0.17555294645786212
1799,22,010,3432.0,0.18261147174630202
1800,22,009,5208.0,0.19046922429872362
1801,22,008,7520.0,0.20430341230167354
1802,22,007,8615.0,0.1908464588733081
1803,22,006,29852.0,0.14043572144312147
1804,22,018,5578.0,0.19981372689497062
1805,22,001,14113.0,0.21114286141739352
1806,22,002,5887.0,0.21512881417869542
1807,22,004,13268.0,0.19208107129931234
1808,22,005,13459.0,0.20051846664978173
1809,22,017,12192.0,0.168861927120123
1810,22,016,49154.0,0.16505486830264202
1811,22,014,153318.0,0.1460481607046068
1812,22,013,3746.0,0.19570555352384933
1813,22,012,14717.0,0.19013229290475944
1814,23,004,35862.0,0.15348729713072656
1815,23,010,8325.0,0.19938209512861044
1816,23,007,5686.0,0.1949196119433684
1817,23,005,139994.0,0.1535858905565862
1818,23,006,7978.0,0.20370228520362568
1819,23,009,9347.0,0.20005993022409624
1820,23,001,14269.0,0.16100241464130166
1821,23,002,16599.0,0.197630670317895
1822,23,003,3883.0,0.1711628317023715
1823,23,011,4448.0,0.16522417443631365
1824,23,008,56728.0,0.16994607549430796
1825,24,042,2282.0,0.16969066032123736
1826,24,046,3655.0,0.2007579918708118
1827,24,002,1420.0,0.18240205523442518
1828,24,003,9770.0,0.20203064579499164
1829,24,004,586.0,0.14602541739347122
1830,24,018,2759.0,0.17992695969740446
1831,24,019,817.0,0.14982578397212543
1832,24,020,17443.0,0.1706768167985988
1833,24,044,1451.0,0.1920074103480217
1834,24,045,2216.0,0.15618832816464617
1835,24,049,8059.0,0.20992992784391362
1836,24,050,11011.0,0.20810024191109766
1837,24,052,1843.0,0.17886257763975155
1838,24,053,5639.0,0.17327310717797442
1839,24,054,9682.0,0.19464827808045676
1840,24,055,5609.0,0.20481267801066239
1841,24,034,2405.0,0.16092338574774173
1842,24,014,2580.0,0.16475095785440613
1843,24,033,2024.0,0.18766805748725082
1844,24,001,3722.0,0.19616317065457994
1845,24,051,2606.0,0.16858584551688446
1846,24,032,7505.0,0.18818956870611836
1847,24,027,1716.0,0.16798825256975036
1848,24,025,6394.0,0.20554859034943904
1849,24,056,3549.0,0.20564375941592306
1850,24,057,5853.0,0.20185542833494274
1851,24,048,917.0,0.17308418271045678
1852,24,015,3826.0,0.17539195012377373
1853,24,013,27460.0,0.15309052187923355
1854,24,043,1432.0,0.17976399698719558
1855,24,012,3529.0,0.1738423645320197
1856,24,011,8690.0,0.18064274726645324
1857,24,010,6061.0,0.199901055408971
1858,24,009,853.0,0.16891089108910892
1859,24,008,3533.0,0.16004530011325027
1860,24,007,3642.0,0.18356854838709677
1861,24,041,3101.0,0.1703097539543058
1862,24,040,6351.0,0.17179723003678857
1863,24,039,2426.0,0.17834301257075644
1864,24,038,2322.0,0.16183440200724838
1865,24,058,3910.0,0.18655470203731095
1866,24,037,17659.0,0.18581184170375747
1867,24,036,5137.0,0.17602110745614036
1868,24,035,54849.0,0.16517201088920475
1869,24,006,1793.0,0.1871802902181856
1870,24,031,2493.0,0.20496588012825784
1871,24,030,661.0,0.13831345469763548
1872,24,029,2779.0,0.15047649989170456
1873,24,028,135360.0,0.1484360264412638
1874,24,026,1642.0,0.17501598806224686
1875,24,005,3079.0,0.16809521209805098
1876,24,024,16826.0,0.17179379843378292
1877,24,023,2637.0,0.1723416770145742
1878,24,022,3687.0,0.19368564824542972
1879,24,021,10862.0,0.18577365783577623
1880,24,017,4843.0,0.1928022612365142
1881,24,047,1567.0,0.16891236391074702
1882,24,016,7135.0,0.17445414313308394
1883,25,009,10747.0,0.17915249716609988
1884,25,004,4249.0,0.1706494236716334
1885,25,005,3505.0,0.20603103691511873
1886,25,003,5249.0,0.1977620375254314
1887,25,017,13836.0,0.1758739036481505
1888,25,014,9162.0,0.17503104403476932
1889,25,013,6336.0,0.1569948956836315
1890,25,012,74674.0,0.14891881597236764
1891,25,016,3200.0,0.16406049730838246
1892,25,010,15694.0,0.1624755417059207
1893,25,008,10752.0,0.19429335549973797
1894,25,007,5429.0,0.18507533919683644
1895,25,018,25747.0,0.1726572873217902
1896,25,015,12611.0,0.15864489508378202
1897,25,006,162888.0,0.1623150279513318
1898,25,002,6084.0,0.13798108543306195
1899,25,011,45280.0,0.15647786570826278
1900,25,001,71289.0,0.1552089003069822
1901,26,023,782.0,0.13415680219591697
1902,26,069,819.0,0.17087419152931357
1903,26,010,196.0,0.16052416052416052
1904,26,029,25442.0,0.16219248643720954
1905,26,040,237.0,0.15480078380143697
1906,26,039,1099.0,0.1903359889158296
1907,26,042,25177.0,0.15315687980193082
1908,26,041,2569.0,0.17878766789616535
1909,26,038,735.0,0.14208389715832206
1910,26,035,2267.0,0.18083918315252073
1911,26,036,5545.0,0.1677811734091803
1912,26,037,122.0,0.11080835603996367
1913,26,054,118.0,0.21973929236499068
1914,26,056,2232.0,0.20803429956193495
1915,26,011,202.0,0.1369491525423729
1916,26,072,2456.0,0.17200084039498564
1917,26,002,16365.0,0.1780178180987501
1918,26,070,2717.0,0.19938357672268292
1919,26,066,1028.0,0.12026204960224614
1920,26,065,212.0,0.14392396469789545
1921,26,058,2706.0,0.1670061099796334
1922,26,057,184.0,0.1262002743484225
1923,26,067,186.0,0.13016095171448566
1924,26,053,60.0,0.16260162601626016
1925,26,048,10845.0,0.1729968575029112
1926,26,050,210.0,0.14037433155080214
1927,26,047,1466.0,0.1607103705327779
1928,26,012,3743.0,0.16167768130966265
1929,26,013,291.0,0.15945205479452054
1930,26,044,52.0,0.14246575342465753
1931,26,046,63.0,0.12701612903225806
1932,26,021,244.0,0.13203463203463203
1933,26,034,117.0,0.12407211028632026
1934,26,020,886.0,0.17913465426607358
1935,26,009,120.0,0.15810276679841898
1936,26,043,44699.0,0.16881434538601567
1937,26,059,359.0,0.19564032697547684
1938,26,033,11841.0,0.1524291341623542
1939,26,045,321.0,0.13166529942575883
1940,26,018,63975.0,0.14656894639895163
1941,26,005,184.0,0.15632965165675447
1942,26,008,114.0,0.11644535240040858
1943,26,032,100.0,0.11261261261261261
1944,26,060,331.0,0.1608357628765792
1945,26,063,118.0,0.100169779286927
1946,26,007,79.0,0.12619808306709265
1947,26,031,161.0,0.1357504215851602
1948,26,064,221.0,0.16002896451846488
1949,26,062,141.0,0.12657091561938957
1950,26,052,745.0,0.1417158074947689
1951,26,051,776.0,0.1606625258799172
1952,26,049,532.0,0.17216828478964402
1953,26,016,841.0,0.1686046511627907
1954,26,024,110.0,0.1460823373173971
1955,26,006,374.0,0.13414634146341464
1956,26,071,3730.0,0.17195279365664762
1957,26,061,210.0,0.15350877192982457
1958,26,019,7168.0,0.18169374667308813
1959,26,001,364.0,0.14202106905969566
1960,26,003,4071.0,0.16299647661755284
1961,26,004,1771.0,0.18657817109144542
1962,26,025,8632.0,0.1678365188310552
1963,26,027,1717.0,0.18991262028536665
1964,26,014,422.0,0.13224694453149483
1965,26,015,217.0,0.18562874251497005
1966,26,017,15180.0,0.17032831399654405
1967,26,068,106.0,0.10162991371045062
1968,26,028,132.0,0.13082259663032705
1969,26,026,9880.0,0.16115089138625652
1970,26,022,105.0,0.12166859791425261
1971,26,030,141269.0,0.15088602241036975
1972,26,055,32567.0,0.16363599821124403
1973,27,011,5884.0,0.1910513669718813
1974,27,013,26514.0,0.17640718562874252
1975,27,016,10561.0,0.17985966824483124
1976,27,015,8961.0,0.187057718401002
1977,27,014,16947.0,0.17517908642664434
1978,27,001,11153.0,0.19057138951541247
1979,27,004,106296.0,0.1554928489614647
1980,27,005,39987.0,0.18609250873755684
1981,27,006,26488.0,0.1929810501468049
1982,27,012,29563.0,0.18639857251845826
1983,27,017,11455.0,0.1838388701653025
1984,27,007,5515.0,0.17137441347378887
1985,27,008,39772.0,0.20835581632920344
1986,27,002,47740.0,0.1962759374910064
1987,27,009,6174.0,0.16355400143050147
1988,27,003,21129.0,0.1961273913729567
1989,27,010,16796.0,0.18419696221966333
1990,28,012,7338.0,0.1769471907402942
1991,28,025,3312.0,0.1262339444296223
1992,28,024,686.0,0.10743931088488645
1993,28,040,10004.0,0.16658063441844975
1994,28,020,291.0,0.14208984375
1995,28,006,1473.0,0.1953062848050915
1996,28,019,2146.0,0.14653465346534653
1997,28,018,941.0,0.1476078431372549
1998,28,016,2614.0,0.15365624265224548
1999,28,015,2649.0,0.1689736556739172
2000,28,014,466.0,0.12253484091506706
2001,28,013,2569.0,0.17090207557211282
2002,28,029,2173.0,0.16474601971190295
2003,28,003,45490.0,0.16861262463397458
2004,28,011,1279.0,0.15431949806949807
2005,28,030,2284.0,0.16771919518284623
2006,28,028,734.0,0.19265091863517061
2007,28,008,798.0,0.19261404779145547
2008,28,010,262.0,0.15679233991621783
2009,28,001,1604.0,0.1633068621462024
2010,28,009,25490.0,0.12377812201055684
2011,28,026,729.0,0.19681425485961124
2012,28,027,73595.0,0.17314107721769734
2013,28,023,715.0,0.16705607476635514
2014,28,036,156.0,0.16846652267818574
2015,28,042,895.0,0.16694646521171425
2016,28,017,2851.0,0.17825434537951731
2017,28,035,9182.0,0.17862075673572608
2018,28,005,669.0,0.15718984962406016
2019,28,043,3274.0,0.1472850780511944
2020,28,007,2525.0,0.15260485918046657
2021,28,022,89650.0,0.1654123130231983
2022,28,021,15057.0,0.14185446186312933
2023,28,037,3842.0,0.16229459722046213
2024,28,034,1055.0,0.14235595736068007
2025,28,033,22912.0,0.17294163823556052
2026,28,032,119895.0,0.17012005386177276
2027,28,031,316.0,0.16484089723526343
2028,28,002,4947.0,0.17221932114882507
2029,28,004,1442.0,0.16293785310734463
2030,28,038,37765.0,0.12691472701487422
2031,28,039,5594.0,0.1981579879560751
2032,28,041,54015.0,0.15446626707236163
2033,29,030,3149.0,0.20348949919224557
2034,29,041,6026.0,0.179885966745276
2035,29,025,15954.0,0.19294214396284828
2036,29,038,2974.0,0.16516716650005553
2037,29,023,4667.0,0.1773917670759056
2038,29,020,1768.0,0.18744698897370654
2039,29,017,2192.0,0.189095928226363
2040,29,016,1235.0,0.16457889125799574
2041,29,001,1825.0,0.16004560203455231
2042,29,043,6742.0,0.15960418540788787
2043,29,002,2520.0,0.15747047428607136
2044,29,052,1140.0,0.17712865133623368
2045,29,050,2097.0,0.1783011648669331
2046,29,055,499.0,0.16217094572635685
2047,29,005,12178.0,0.1508578507277795
2048,29,006,9477.0,0.18519893691862738
2049,29,029,2167.0,0.16259003601440578
2050,29,051,674.0,0.16471163245356793
2051,29,018,6283.0,0.16286062365535653
2052,29,031,6066.0,0.17191928352794467
2053,29,032,2240.0,0.1651795590295701
2054,29,059,1513.0,0.19522580645161292
2055,29,009,1034.0,0.17442645074224022
2056,29,056,1331.0,0.16737927565392355
2057,29,014,2730.0,0.17972350230414746
2058,29,040,1729.0,0.16309782096028677
2059,29,024,4292.0,0.1513559262263286
2060,29,053,1379.0,0.17937044745057232
2061,29,008,3074.0,0.18949574651707557
2062,29,037,1841.0,0.19995655479526447
2063,29,057,783.0,0.16889559965487488
2064,29,045,1174.0,0.1890194815649654
2065,29,039,4736.0,0.18494942789081112
2066,29,035,1194.0,0.18970448045757865
2067,29,033,13761.0,0.13775326339392968
2068,29,034,9093.0,0.20011884325894624
2069,29,047,683.0,0.19326542161856253
2070,29,042,2271.0,0.1599633725434951
2071,29,021,3361.0,0.17986728031681473
2072,29,048,266.0,0.013973523849548225
2073,29,004,3474.0,0.19181712771243994
2074,29,046,995.0,0.20096950111088668
2075,29,012,1894.0,0.20114698385726423
2076,29,054,913.0,0.16048514677447706
2077,29,019,3863.0,0.17343090598904554
2078,29,007,3382.0,0.19513039464574197
2079,29,060,894.0,0.1642476575417968
2080,29,015,6495.0,0.16666666666666666
2081,29,011,850.0,0.17875920084121977
2082,29,010,11607.0,0.15853308748207334
2083,29,058,1586.0,0.1676001268096798
2084,29,026,3996.0,0.16569912091557473
2085,29,036,3471.0,0.15406809001731103
2086,29,044,7887.0,0.17251788175077104
2087,29,027,2296.0,0.17696932326190842
2088,29,003,1344.0,0.1896430083251023
2089,29,049,891.0,0.15142760027192387
2090,29,028,4656.0,0.18434493407768143
2091,29,022,1145.0,0.17801616915422885
2092,29,013,18441.0,0.18671783240856993
2093,30,080,4343.0,0.1877485734048072
2094,30,162,1094.0,0.1696650124069479
2095,30,153,860.0,0.14840379637618636
2096,30,097,2287.0,0.1195942059300319
2097,30,081,4392.0,0.16090859131709104
2098,30,082,2659.0,0.16796159434021857
2099,30,083,8119.0,0.15970965457549768
2100,30,167,2590.0,0.17716670086873249
2101,30,010,13279.0,0.20672852383472928
2102,30,169,3841.0,0.16913998855079485
2103,30,185,1082.0,0.19502523431867338
2104,30,209,2823.0,0.18764956128689178
2105,30,187,1339.0,0.21932841932841932
2106,30,108,20985.0,0.14494805768911975
2107,30,173,9942.0,0.1822982562297156
2108,30,084,754.0,0.13527090060997488
2109,30,085,11731.0,0.1585184584617048
2110,30,086,10336.0,0.2208830191904945
2111,30,088,650.0,0.12861100118717847
2112,30,089,5578.0,0.14424991595334763
2113,30,090,1757.0,0.15783327344592166
2114,30,091,5391.0,0.18899873790492216
2115,30,092,6544.0,0.16515660096408652
2116,30,188,2842.0,0.16506940814311435
2117,30,094,6528.0,0.17014621940730315
2118,30,208,3054.0,0.13064681724845995
2119,30,011,7262.0,0.12732532655387044
2120,30,012,1035.0,0.13157894736842105
2121,30,015,4682.0,0.13836106267915718
2122,30,016,3998.0,0.13939055853845617
2123,30,017,694.0,0.1473773624973455
2124,30,117,4086.0,0.17187565725823414
2125,30,113,816.0,0.17685305591677503
2126,30,114,1402.0,0.13840078973346495
2127,30,115,6053.0,0.16221793428739884
2128,30,163,964.0,0.19126984126984126
2129,30,019,1741.0,0.25199015776523376
2130,30,042,953.0,0.1659411457426432
2131,30,043,3663.0,0.18429261420809015
2132,30,044,30813.0,0.1505121604525183
2133,30,047,13042.0,0.21930016310470649
2134,30,049,3459.0,0.15687074829931974
2135,30,052,2038.0,0.17170781026202714
2136,30,099,3674.0,0.2004692530146778
2137,30,100,3325.0,0.13901664018730664
2138,30,101,7363.0,0.1904059994828032
2139,30,103,2709.0,0.21165716071568091
2140,30,189,22931.0,0.14832470892626132
2141,30,190,337.0,0.14924712134632417
2142,30,191,4008.0,0.13316941887895803
2143,30,192,2970.0,0.1470005939417937
2144,30,105,13768.0,0.14461881052919057
2145,30,184,1710.0,0.21555527543174083
2146,30,172,3388.0,0.17003764115432873
2147,30,171,1106.0,0.19838565022421525
2148,30,170,2418.0,0.22339246119733924
2149,30,207,7374.0,0.1639468184445729
2150,30,135,4192.0,0.1737472541136486
2151,30,134,3370.0,0.14313625552157663
2152,30,137,1273.0,0.20180722891566266
2153,30,196,2675.0,0.14942464529102895
2154,30,197,1875.0,0.16733601070950468
2155,30,198,1243.0,0.18311726576311138
2156,30,139,856.0,0.1397322886059419
2157,30,186,1175.0,0.16326247047380854
2158,30,200,1846.0,0.14672919481758206
2159,30,201,8191.0,0.18190903437860886
2160,30,202,2950.0,0.20144769188746245
2161,30,204,6591.0,0.1494422274623617
2162,30,194,2777.0,0.22230227345501122
2163,30,195,1244.0,0.21084745762711865
2164,30,021,3677.0,0.1567281872042965
2165,30,020,2432.0,0.2100716938757882
2166,30,199,2156.0,0.1811916967812421
2167,30,206,4406.0,0.15084391797048854
2168,30,122,3297.0,0.18264916071131793
2169,30,210,6933.0,0.22443430125279207
2170,30,211,4409.0,0.14526704227208329
2171,30,212,2628.0,0.20119430408819478
2172,30,028,16254.0,0.1124455205811138
2173,30,203,2685.0,0.18486642798127237
2174,30,205,3243.0,0.167147716730234
2175,30,027,2604.0,0.16153846153846155
2176,30,026,3932.0,0.15127149617204633
2177,30,025,6445.0,0.23680052908108903
2178,30,018,473.0,0.2391304347826087
2179,30,009,3799.0,0.13479279023559465
2180,30,024,3122.0,0.18938428874734609
2181,30,004,5431.0,0.1301087633558526
2182,30,023,9053.0,0.1840788938592924
2183,30,030,6119.0,0.14626508904027727
2184,30,168,3238.0,0.19812763874441658
2185,30,166,1434.0,0.15247208931419456
2186,30,165,1679.0,0.18812324929971988
2187,30,164,2521.0,0.14867016571327477
2188,30,126,4671.0,0.13967466060642306
2189,30,050,3032.0,0.18563644156003184
2190,30,046,2703.0,0.167192429022082
2191,30,121,3425.0,0.1505097556688346
2192,30,128,15108.0,0.19511313152185142
2193,30,106,985.0,0.20347035736418095
2194,30,145,2624.0,0.1583202606492096
2195,30,146,776.0,0.19770700636942676
2196,30,147,5565.0,0.22642200341769061
2197,30,148,4253.0,0.151190899395663
2198,30,149,7247.0,0.2107605060346081
2199,30,150,1778.0,0.1528673372882813
2200,30,104,3145.0,0.18355316913738765
2201,30,102,18161.0,0.16685654434868893
2202,30,008,2247.0,0.21735345327916425
2203,30,071,10363.0,0.17294726301735647
2204,30,112,3592.0,0.15730238668710314
2205,30,032,8530.0,0.17249398394370186
2206,30,111,2833.0,0.1717698417510459
2207,30,110,2563.0,0.21138144329896907
2208,30,007,1019.0,0.15585806056898133
2209,30,033,4404.0,0.18033659555300766
2210,30,006,4593.0,0.19883116883116883
2211,30,041,374.0,0.15881104033970275
2212,30,051,4388.0,0.18998960859023206
2213,30,045,7469.0,0.1364524910024298
2214,30,014,7049.0,0.1501224576722394
2215,30,013,3894.0,0.14506575271020378
2216,30,005,768.0,0.14620217018846374
2217,30,127,7241.0,0.256246018826527
2218,30,069,3420.0,0.14199709362673862
2219,30,002,666.0,0.1935483870967742
2220,30,029,3215.0,0.23465440478797167
2221,30,034,3441.0,0.13757946503538443
2222,30,035,1958.0,0.17536945812807883
2223,30,036,2179.0,0.1977672898892721
2224,30,037,1642.0,0.20083170254403132
2225,30,038,12792.0,0.13621407502848443
2226,30,039,45060.0,0.14502829113801827
2227,30,040,8541.0,0.15524574669187147
2228,30,064,731.0,0.18238522954091815
2229,30,065,12409.0,0.14515317760179672
2230,30,066,4722.0,0.17599701826313827
2231,30,067,4715.0,0.24584180614213463
2232,30,068,9744.0,0.14680889531730248
2233,30,070,3523.0,0.19277701778385772
2234,30,059,3686.0,0.16282357098683628
2235,30,072,4152.0,0.1904936685630391
2236,30,073,6855.0,0.16450683945284378
2237,30,048,19725.0,0.15068409432938892
2238,30,120,1660.0,0.1604950207870057
2239,30,074,1122.0,0.15384615384615385
2240,30,075,2496.0,0.15104387291981847
2241,30,022,4227.0,0.1866142775153415
2242,30,098,686.0,0.2079418005456199
2243,30,001,1764.0,0.18183692402845067
2244,30,107,631.0,0.21506475800954328
2245,30,078,1809.0,0.14613458276112773
2246,30,109,10206.0,0.15519836985447302
2247,30,079,2189.0,0.19223676121893388
2248,30,116,2834.0,0.166441534034181
2249,30,131,25801.0,0.136183936196604
2250,30,031,3582.0,0.18964421855146124
2251,30,136,1459.0,0.17487714251468298
2252,30,138,5678.0,0.13585357100131595
2253,30,140,614.0,0.19591576260370133
2254,30,141,27503.0,0.16932425443888985
2255,30,142,5491.0,0.16827556617939995
2256,30,143,8831.0,0.15469913287203294
2257,30,144,5921.0,0.18274691358024692
2258,30,151,2605.0,0.11893890968861291
2259,30,183,10457.0,0.1703732668589211
2260,30,124,24603.0,0.1538552936026515
2261,30,003,12904.0,0.15967332797129247
2262,30,152,1636.0,0.14151024997837558
2263,30,182,3443.0,0.17509153783563874
2264,30,181,5722.0,0.1513956872602196
2265,30,180,1955.0,0.1793577981651376
2266,30,178,1624.0,0.1259109939525508
2267,30,175,15473.0,0.16686797661928693
2268,30,125,5267.0,0.16514077882987396
2269,30,193,76740.0,0.12638152596552424
2270,30,179,758.0,0.176937441643324
2271,30,093,2515.0,0.1516430509496533
2272,30,053,4914.0,0.17503116651825468
2273,30,054,1511.0,0.1318384085158363
2274,30,055,2226.0,0.1645597693501885
2275,30,177,2589.0,0.22156611039794608
2276,30,056,1181.0,0.17866868381240544
2277,30,057,2842.0,0.20474029248613212
2278,30,058,7822.0,0.14523376285788556
2279,30,129,3031.0,0.16789453276463745
2280,30,119,900.0,0.15926384710670677
2281,30,087,64777.0,0.1325954750056803
2282,30,060,2693.0,0.16538721365841674
2283,30,154,1667.0,0.13902093236594112
2284,30,061,17036.0,0.21011346817957574
2285,30,062,3884.0,0.18638130428523442
2286,30,063,1966.0,0.14716670409461785
2287,30,118,15605.0,0.12668246984137294
2288,30,155,17844.0,0.17851319040806732
2289,30,156,1296.0,0.2145340175467638
2290,30,123,15981.0,0.16614856786401205
2291,30,157,3339.0,0.16574832464631423
2292,30,158,3713.0,0.15123620219135678
2293,30,159,7244.0,0.24402075052213165
2294,30,160,17425.0,0.1624405705229794
2295,30,130,7251.0,0.18437714547257608
2296,30,096,266.0,0.17239144523655217
2297,30,095,2412.0,0.16016999800783585
2298,30,132,4164.0,0.2051231527093596
2299,30,133,9840.0,0.1699217738175413
2300,30,161,5561.0,0.16161939083933968
2301,30,076,2615.0,0.19548478732152202
2302,30,176,733.0,0.1632880374248162
2303,30,174,14993.0,0.15682726302797012
2304,30,077,7122.0,0.16637465835026982
2305,31,068,467.0,0.14566437928883344
2306,31,066,779.0,0.18459715639810426
2307,31,029,892.0,0.14294871794871794
2308,31,001,1057.0,0.16137404580152673
2309,31,003,2513.0,0.20455840455840457
2310,31,004,859.0,0.13866020984665053
2311,31,005,302.0,0.1393631748961698
2312,31,081,659.0,0.19642324888226528
2313,31,064,306.0,0.17989417989417988
2314,31,058,5339.0,0.20571010248901903
2315,31,055,1237.0,0.1747175141242938
2316,31,007,1152.0,0.15380507343124167
2317,31,049,907.0,0.2287515762925599
2318,31,009,607.0,0.13591580832960143
2319,31,024,530.0,0.16337854500616522
2320,31,106,359.0,0.1620767494356659
2321,31,022,886.0,0.20307128122851248
2322,31,041,25189.0,0.1774635582891242
2323,31,038,6171.0,0.17562683211429547
2324,31,030,739.0,0.18405977584059777
2325,31,021,2023.0,0.21507548373378693
2326,31,018,549.0,0.1621861152141802
2327,31,017,876.0,0.18693982074263765
2328,31,011,1585.0,0.1889378948623197
2329,31,008,674.0,0.17067612053684478
2330,31,102,15094.0,0.17662064123566582
2331,31,101,11705.0,0.1692770474496363
2332,31,010,640.0,0.2323049001814882
2333,31,012,638.0,0.1707708779443255
2334,31,013,2484.0,0.14900125967248515
2335,31,071,405.0,0.2077988712160082
2336,31,069,1642.0,0.1831158692985391
2337,31,067,1546.0,0.15378493981895952
2338,31,015,936.0,0.1683453237410072
2339,31,016,614.0,0.19780927835051546
2340,31,023,728.0,0.14970183014600041
2341,31,050,129859.0,0.1304946393884612
2342,31,065,327.0,0.15439093484419264
2343,31,061,651.0,0.1638147961751384
2344,31,092,1667.0,0.21133367139959433
2345,31,093,2545.0,0.13816503800217156
2346,31,059,10186.0,0.15431462852987515
2347,31,094,1067.0,0.19599559147685525
2348,31,057,1256.0,0.1617306206541334
2349,31,056,6866.0,0.20281207538252496
2350,31,006,1557.0,0.169996724533246
2351,31,025,1218.0,0.2028985507246377
2352,31,026,488.0,0.13473219215902815
2353,31,027,1129.0,0.1352905931695626
2354,31,031,413.0,0.14655784244144784
2355,31,033,3725.0,0.17525288167490002
2356,31,002,2524.0,0.1504889100882423
2357,31,028,527.0,0.1794959128065395
2358,31,019,8447.0,0.21695690142292084
2359,31,075,1414.0,0.20430573616529404
2360,31,034,1149.0,0.1763893153208474
2361,31,035,964.0,0.15100250626566417
2362,31,062,894.0,0.18016928657799275
2363,31,036,1364.0,0.16860321384425217
2364,31,042,1041.0,0.1874662344678552
2365,31,098,2992.0,0.19496937312654763
2366,31,076,2896.0,0.1614359774792352
2367,31,089,6831.0,0.1686874922829979
2368,31,084,1138.0,0.16171664061389796
2369,31,079,8289.0,0.1839465625138698
2370,31,037,842.0,0.16038095238095237
2371,31,039,630.0,0.1505016722408027
2372,31,020,698.0,0.15521458750277964
2373,31,043,665.0,0.19530102790014683
2374,31,044,1349.0,0.17915006640106243
2375,31,045,400.0,0.14942099364960776
2376,31,046,613.0,0.18598300970873785
2377,31,047,1073.0,0.17979222520107238
2378,31,048,3928.0,0.16372806469092577
2379,31,051,479.0,0.13965014577259474
2380,31,052,6123.0,0.16196698762035763
2381,31,053,2234.0,0.16555506150881874
2382,31,054,455.0,0.15217391304347827
2383,31,060,166.0,0.17008196721311475
2384,31,063,962.0,0.17083999289646598
2385,31,070,644.0,0.16217577436414002
2386,31,072,249.0,0.13408723747980614
2387,31,073,1582.0,0.2702425691834643
2388,31,032,3036.0,0.18094046129089933
2389,31,074,507.0,0.1343402225755167
2390,31,077,434.0,0.16175922474841595
2391,31,078,572.0,0.15265545769949293
2392,31,080,1891.0,0.17159709618874774
2393,31,082,487.0,0.13866742596810933
2394,31,083,321.0,0.16762402088772846
2395,31,014,317.0,0.18494749124854143
2396,31,086,363.0,0.170182841068917
2397,31,087,1061.0,0.1941800878477306
2398,31,088,349.0,0.18205529473135107
2399,31,090,1208.0,0.16100226576036253
2400,31,040,4716.0,0.16515496410436
2401,31,085,3088.0,0.18513189448441247
2402,31,104,3330.0,0.2036697247706422
2403,31,091,2291.0,0.18039370078740158
2404,31,096,14575.0,0.18066987306624355
2405,31,099,731.0,0.1744213791457886
2406,31,095,750.0,0.13181019332161686
2407,31,097,663.0,0.17996742671009772
2408,31,103,670.0,0.19414662416690814
2409,31,105,509.0,0.15457030063771637
2410,31,100,634.0,0.15658187206717708
2411,32,010,47289.0,0.19660169956596213
2412,32,026,3674.0,0.20670642511533702
2413,32,005,9676.0,0.2114556699228567
2414,32,020,9851.0,0.1644299783007845
2415,32,013,1300.0,0.19566526189042746
2416,32,009,1920.0,0.19036287923854847
2417,32,018,765.0,0.1682427974488674
2418,32,022,3756.0,0.19018684490353943
2419,32,023,1988.0,0.1622724675536691
2420,32,019,4918.0,0.1944180898165718
2421,32,017,38178.0,0.18030603570416548
2422,32,015,233.0,0.14756174794173527
2423,32,014,3574.0,0.17700955871427865
2424,32,041,424.0,0.16899163013152652
2425,32,042,12395.0,0.19469096049634807
2426,32,043,219.0,0.16043956043956045
2427,32,044,3154.0,0.1901374487581384
2428,32,045,1529.0,0.1837519528902776
2429,32,046,916.0,0.1411402157164869
2430,32,030,385.0,0.15739983646770236
2431,32,032,2341.0,0.1772544862572878
2432,32,056,22915.0,0.1531679667395242
2433,32,047,918.0,0.1713965646004481
2434,32,048,5118.0,0.18745879422752912
2435,32,049,6065.0,0.18683959212593573
2436,32,050,2124.0,0.20669521214480344
2437,32,051,7020.0,0.20275539381336105
2438,32,058,479.0,0.17311167329237442
2439,32,008,2874.0,0.21342640724788356
2440,32,007,2071.0,0.1709451093685514
2441,32,006,1561.0,0.18909751665657176
2442,32,004,880.0,0.1958602270198086
2443,32,003,371.0,0.1629336846728151
2444,32,054,4343.0,0.22333641880078164
2445,32,055,5233.0,0.1658216617022625
2446,32,053,2832.0,0.21441550575408844
2447,32,001,1071.0,0.17108626198083068
2448,32,002,979.0,0.198097936058276
2449,32,039,11323.0,0.17545517936003718
2450,32,038,15230.0,0.21082210932849768
2451,32,057,4431.0,0.21662185284771449
2452,32,040,4518.0,0.20683025086980406
2453,32,037,3673.0,0.2089662627297036
2454,32,036,9573.0,0.21685846321130844
2455,32,035,3452.0,0.21198722672562023
2456,32,016,4823.0,0.20500722604777694
2457,32,021,977.0,0.21881298992161255
2458,32,052,3859.0,0.1976440460947503
2459,32,025,2822.0,0.21404733009708737
2460,32,034,4831.0,0.17287529074968688
2461,32,012,1717.0,0.2102105778648384
2462,32,033,719.0,0.158719646799117
2463,32,031,1409.0,0.16227110445698492
2464,32,029,5233.0,0.22068063931176993
2465,32,028,434.0,0.17707058343533252
2466,32,011,585.0,0.17400356930398572
2467,32,027,560.0,0.2046783625730994
2468,32,024,11941.0,0.22232772905844458
