,CVE_ENT,CVE_MUN,POB
0,01,008,9552.0
1,01,009,22485.0
2,01,007,57369.0
3,01,006,47646.0
4,01,005,129929.0
5,01,004,17000.0
6,01,003,58250.0
7,01,002,51536.0
8,01,001,948990.0
9,01,010,20853.0
10,01,011,61997.0
11,02,004,1922523.0
12,02,003,108440.0
13,02,002,1049792.0
14,02,006,117568.0
15,02,001,443807.0
16,02,005,126890.0
17,03,008,351111.0
18,03,001,73021.0
19,03,003,292241.0
20,03,009,18052.0
21,03,002,64022.0
22,04,011,46913.0
23,04,003,248845.0
24,04,004,78170.0
25,04,002,294077.0
26,04,012,15297.0
27,04,006,42140.0
28,04,007,8683.0
29,04,008,11452.0
30,04,009,59923.0
31,04,005,31917.0
32,04,010,31714.0
33,04,001,59232.0
34,05,010,82409.0
35,05,008,3047.0
36,05,037,6188.0
37,05,031,24759.0
38,05,038,13135.0
39,05,013,1735.0
40,05,018,237951.0
41,05,030,879958.0
42,05,028,64811.0
43,05,001,1022.0
44,05,023,9642.0
45,05,022,33129.0
46,05,012,1643.0
47,05,009,59035.0
48,05,005,1643.0
49,05,004,29578.0
50,05,002,163058.0
51,05,034,6744.0
52,05,003,23056.0
53,05,035,720848.0
54,05,014,9502.0
55,05,027,122243.0
56,05,026,3239.0
57,05,007,12715.0
58,05,024,44472.0
59,05,032,42260.0
60,05,029,2471.0
61,05,033,101041.0
62,05,025,176327.0
63,05,006,29128.0
64,05,021,6539.0
65,05,011,11898.0
66,05,036,20305.0
67,05,016,1764.0
68,05,019,7928.0
69,05,020,71627.0
70,05,015,1584.0
71,05,017,118337.0
72,06,007,191031.0
73,06,004,20837.0
74,06,009,116305.0
75,06,005,31267.0
76,06,008,10231.0
77,06,002,157048.0
78,06,010,149762.0
79,06,001,27626.0
80,06,003,21661.0
81,06,006,5623.0
82,07,078,215874.0
83,07,085,10890.0
84,07,017,88106.0
85,07,088,2308.0
86,07,067,12266.0
87,07,086,25627.0
88,07,018,9900.0
89,07,080,25937.0
90,07,091,13592.0
91,07,093,48162.0
92,07,098,7211.0
93,07,100,38025.0
94,07,105,16008.0
95,07,112,37948.0
96,07,049,31259.0
97,07,050,5232.0
98,07,051,46130.0
99,07,072,29636.0
100,07,110,7526.0
101,07,111,45373.0
102,07,124,23847.0
103,07,123,10783.0
104,07,023,101967.0
105,07,113,8480.0
106,07,115,14714.0
107,07,077,64251.0
108,07,117,8412.0
109,07,118,6047.0
110,07,121,8718.0
111,07,070,12263.0
112,07,063,3983.0
113,07,081,52935.0
114,07,069,51193.0
115,07,116,12892.0
116,07,090,4547.0
117,07,022,21915.0
118,07,062,18469.0
119,07,119,4959.0
120,07,094,49499.0
121,07,092,21426.0
122,07,087,41672.0
123,07,009,41135.0
124,07,008,31947.0
125,07,125,11650.0
126,07,114,23603.0
127,07,089,353706.0
128,07,084,8561.0
129,07,083,19092.0
130,07,082,15518.0
131,07,074,44829.0
132,07,068,31919.0
133,07,073,10866.0
134,07,057,76398.0
135,07,065,132265.0
136,07,060,14088.0
137,07,058,4765.0
138,07,059,234661.0
139,07,037,36333.0
140,07,035,14556.0
141,07,056,13755.0
142,07,061,97397.0
143,07,064,54932.0
144,07,120,4315.0
145,07,101,604147.0
146,07,099,83111.0
147,07,122,15587.0
148,07,097,91913.0
149,07,096,83505.0
150,07,001,17994.0
151,07,002,21187.0
152,07,003,26899.0
153,07,004,36160.0
154,07,005,24512.0
155,07,006,31735.0
156,07,007,11283.0
157,07,102,41024.0
158,07,055,5876.0
159,07,054,28250.0
160,07,053,7901.0
161,07,052,141027.0
162,07,048,21807.0
163,07,047,24966.0
164,07,103,30302.0
165,07,104,16560.0
166,07,106,67292.0
167,07,010,7365.0
168,07,046,41063.0
169,07,045,6284.0
170,07,044,28999.0
171,07,011,20157.0
172,07,012,64632.0
173,07,013,37263.0
174,07,014,24273.0
175,07,015,50112.0
176,07,016,17619.0
177,07,019,166178.0
178,07,020,49920.0
179,07,021,22192.0
180,07,043,10961.0
181,07,042,11377.0
182,07,041,46409.0
183,07,040,53242.0
184,07,039,27893.0
185,07,024,13678.0
186,07,025,7472.0
187,07,026,47371.0
188,07,027,112075.0
189,07,028,6156.0
190,07,029,5402.0
191,07,030,36785.0
192,07,031,137262.0
193,07,038,22975.0
194,07,036,7701.0
195,07,032,30896.0
196,07,033,7245.0
197,07,034,80897.0
198,07,075,28829.0
199,07,076,29889.0
200,07,107,65643.0
201,07,108,109536.0
202,07,109,40285.0
203,07,066,26391.0
204,07,071,30297.0
205,07,079,41793.0
206,08,018,5099.0
207,08,037,1512450.0
208,08,061,3414.0
209,08,062,29862.0
210,08,041,1302.0
211,08,063,5320.0
212,08,067,4775.0
213,08,051,8127.0
214,08,050,65753.0
215,08,031,35473.0
216,08,060,11582.0
217,08,057,2197.0
218,08,001,14635.0
219,08,053,5111.0
220,08,007,16440.0
221,08,055,16776.0
222,08,004,24344.0
223,08,025,7023.0
224,08,023,6656.0
225,08,022,2456.0
226,08,021,150506.0
227,08,020,6222.0
228,08,017,180638.0
229,08,016,3704.0
230,08,044,4314.0
231,08,045,44853.0
232,08,046,7266.0
233,08,047,4447.0
234,08,048,22712.0
235,08,015,1230.0
236,08,013,11815.0
237,08,012,8113.0
238,08,011,49499.0
239,08,010,25146.0
240,08,009,23351.0
241,08,008,11270.0
242,08,049,2757.0
243,08,036,40859.0
244,08,006,5807.0
245,08,059,5004.0
246,08,052,24534.0
247,08,029,50514.0
248,08,002,26047.0
249,08,054,7695.0
250,08,056,2079.0
251,08,058,2696.0
252,08,065,17043.0
253,08,066,6512.0
254,08,043,2742.0
255,08,014,2034.0
256,08,003,8487.0
257,08,005,26093.0
258,08,042,1178.0
259,08,040,25144.0
260,08,039,4122.0
261,08,038,4980.0
262,08,035,11005.0
263,08,034,5196.0
264,08,033,824.0
265,08,032,116662.0
266,08,030,8196.0
267,08,028,4237.0
268,08,027,50180.0
269,08,026,2448.0
270,08,064,1448.0
271,08,024,3791.0
272,08,019,937674.0
273,09,017,443704.0
274,09,014,434153.0
275,09,009,152685.0
276,09,008,247622.0
277,09,007,1835486.0
278,09,003,614447.0
279,09,011,392313.0
280,09,012,699928.0
281,09,006,404695.0
282,09,013,442178.0
283,09,010,759137.0
284,09,015,545884.0
285,09,005,1173351.0
286,09,004,217686.0
287,09,016,414470.0
288,09,002,432205.0
289,10,011,4748.0
290,10,012,163313.0
291,10,031,6727.0
292,10,001,31454.0
293,10,005,688697.0
294,10,036,21143.0
295,10,014,48583.0
296,10,038,23476.0
297,10,017,8003.0
298,10,030,1633.0
299,10,033,6917.0
300,10,021,11118.0
301,10,024,12818.0
302,10,037,9320.0
303,10,034,26300.0
304,10,039,27981.0
305,10,022,25623.0
306,10,028,12013.0
307,10,023,51269.0
308,10,025,2837.0
309,10,027,5251.0
310,10,035,11378.0
311,10,010,3843.0
312,10,009,9869.0
313,10,008,36695.0
314,10,006,10038.0
315,10,004,34955.0
316,10,003,4084.0
317,10,032,49207.0
318,10,007,372750.0
319,10,015,12894.0
320,10,002,4321.0
321,10,019,4924.0
322,10,026,17333.0
323,10,013,26932.0
324,10,016,19060.0
325,10,018,10384.0
326,10,020,12656.0
327,10,029,2103.0
328,11,037,203556.0
329,11,021,47261.0
330,11,006,5296.0
331,11,029,41054.0
332,11,020,1721215.0
333,11,001,92040.0
334,11,019,49517.0
335,11,030,119793.0
336,11,007,521169.0
337,11,036,6714.0
338,11,018,38782.0
339,11,045,11143.0
340,11,015,194500.0
341,11,038,11304.0
342,11,012,30857.0
343,11,003,174615.0
344,11,034,5723.0
345,11,010,11083.0
346,11,046,68741.0
347,11,039,35905.0
348,11,009,82216.0
349,11,035,82340.0
350,11,004,63392.0
351,11,024,12403.0
352,11,040,20007.0
353,11,041,61494.0
354,11,008,41240.0
355,11,044,65791.0
356,11,028,94126.0
357,11,022,26383.0
358,11,032,89558.0
359,11,013,27390.0
360,11,011,97928.0
361,11,002,108697.0
362,11,027,273417.0
363,11,026,65766.0
364,11,014,163038.0
365,11,042,150054.0
366,11,017,592953.0
367,11,016,21128.0
368,11,005,117883.0
369,11,025,83842.0
370,11,033,128536.0
371,11,023,154960.0
372,11,043,21253.0
373,11,031,130871.0
374,12,080,7559.0
375,12,043,18859.0
376,12,079,18381.0
377,12,012,69123.0
378,12,013,15099.0
379,12,018,14463.0
380,12,007,33267.0
381,12,006,11112.0
382,12,064,11681.0
383,12,019,15598.0
384,12,068,26349.0
385,12,015,12982.0
386,12,014,15442.0
387,12,010,28491.0
388,12,005,7813.0
389,12,011,60680.0
390,12,048,44583.0
391,12,053,50124.0
392,12,054,24139.0
393,12,047,7076.0
394,12,049,12753.0
395,12,050,38482.0
396,12,051,36143.0
397,12,052,46270.0
398,12,004,21225.0
399,12,045,28446.0
400,12,046,68207.0
401,12,040,26357.0
402,12,041,29625.0
403,12,042,18613.0
404,12,044,12402.0
405,12,038,126001.0
406,12,039,26093.0
407,12,002,25205.0
408,12,003,37655.0
409,12,036,11739.0
410,12,034,36593.0
411,12,035,154173.0
412,12,031,6278.0
413,12,032,37254.0
414,12,033,17488.0
415,12,028,123722.0
416,12,029,283354.0
417,12,008,9147.0
418,12,009,5811.0
419,12,025,17024.0
420,12,026,8272.0
421,12,059,30806.0
422,12,061,43171.0
423,12,062,22781.0
424,12,016,12408.0
425,12,017,15579.0
426,12,020,21648.0
427,12,021,73056.0
428,12,022,38554.0
429,12,023,26627.0
430,12,060,13552.0
431,12,063,10092.0
432,12,066,96125.0
433,12,073,18031.0
434,12,065,7602.0
435,12,001,779566.0
436,12,069,11966.0
437,12,070,7862.0
438,12,071,29891.0
439,12,072,12004.0
440,12,074,21977.0
441,12,075,53126.0
442,12,076,40197.0
443,12,077,14280.0
444,12,078,21241.0
445,12,024,7874.0
446,12,027,20537.0
447,12,037,6138.0
448,12,055,105586.0
449,12,056,46063.0
450,12,057,65237.0
451,12,058,53817.0
452,12,030,22250.0
453,12,081,11679.0
454,12,067,22209.0
455,13,030,98654.0
456,13,008,46681.0
457,13,065,11768.0
458,13,009,19836.0
459,13,010,31525.0
460,13,025,20673.0
461,13,036,9449.0
462,13,066,13032.0
463,13,071,9086.0
464,13,060,17503.0
465,13,059,38010.0
466,13,058,17441.0
467,13,037,20962.0
468,13,038,8878.0
469,13,026,12766.0
470,13,050,23641.0
471,13,027,22846.0
472,13,070,19067.0
473,13,031,12290.0
474,13,057,15142.0
475,13,016,60421.0
476,13,015,19431.0
477,13,014,16150.0
478,13,013,62470.0
479,13,056,39561.0
480,13,019,18909.0
481,13,032,10523.0
482,13,041,47222.0
483,13,079,7015.0
484,13,080,24674.0
485,13,069,168302.0
486,13,074,28626.0
487,13,042,11578.0
488,13,040,9819.0
489,13,039,14324.0
490,13,044,16948.0
491,13,005,18872.0
492,13,004,10313.0
493,13,024,17607.0
494,13,017,12967.0
495,13,054,36796.0
496,13,053,17699.0
497,13,052,38891.0
498,13,023,36248.0
499,13,075,21362.0
500,13,051,202749.0
501,13,084,39927.0
502,13,076,115107.0
503,13,083,57906.0
504,13,045,9295.0
505,13,046,38492.0
506,13,082,21443.0
507,13,081,38155.0
508,13,047,4748.0
509,13,068,14340.0
510,13,022,16285.0
511,13,021,15175.0
512,13,055,18329.0
513,13,048,314331.0
514,13,020,2593.0
515,13,018,22903.0
516,13,067,55134.0
517,13,049,18723.0
518,13,077,168369.0
519,13,064,10830.0
520,13,034,9474.0
521,13,006,19162.0
522,13,001,22268.0
523,13,011,19812.0
524,13,012,30135.0
525,13,061,56245.0
526,13,007,12546.0
527,13,073,37722.0
528,13,002,46065.0
529,13,003,61002.0
530,13,062,31235.0
531,13,063,90546.0
532,13,078,18260.0
533,13,028,126781.0
534,13,072,11113.0
535,13,043,6265.0
536,13,035,13078.0
537,13,033,2895.0
538,13,029,47425.0
539,14,113,16548.0
540,14,057,4099.0
541,14,056,1815.0
542,14,054,5368.0
543,14,053,172403.0
544,14,052,5534.0
545,14,051,30855.0
546,14,050,47105.0
547,14,031,3270.0
548,14,049,9425.0
549,14,048,18982.0
550,14,047,24894.0
551,14,046,32678.0
552,14,045,20465.0
553,14,044,67969.0
554,14,042,10015.0
555,14,041,5920.0
556,14,040,8732.0
557,14,039,1385629.0
558,14,038,4199.0
559,14,037,25920.0
560,14,036,20011.0
561,14,019,7043.0
562,14,001,23175.0
563,14,004,5743.0
564,14,006,60386.0
565,14,007,9433.0
566,14,008,80609.0
567,14,009,21115.0
568,14,035,53039.0
569,14,011,5599.0
570,14,016,41552.0
571,14,018,67937.0
572,14,020,10940.0
573,14,021,20548.0
574,14,022,40139.0
575,14,023,115141.0
576,14,024,29267.0
577,14,026,6334.0
578,14,029,17820.0
579,14,030,55196.0
580,14,032,5983.0
581,14,033,21226.0
582,14,034,1981.0
583,14,069,7734.0
584,14,123,19279.0
585,14,094,44353.0
586,14,095,9647.0
587,14,096,22758.0
588,14,097,727750.0
589,14,090,7302.0
590,14,091,39839.0
591,14,092,11039.0
592,14,122,7466.0
593,14,121,33713.0
594,14,120,1476491.0
595,14,119,30472.0
596,14,118,22394.0
597,14,117,4388.0
598,14,116,20088.0
599,14,093,150190.0
600,14,098,687127.0
601,14,099,11219.0
602,14,100,36316.0
603,14,101,569913.0
604,14,102,5961.0
605,14,103,7565.0
606,14,104,4180.0
607,14,105,23573.0
608,14,065,11386.0
609,14,017,12880.0
610,14,124,64806.0
611,14,012,4176.0
612,14,106,5482.0
613,14,107,6702.0
614,14,108,37518.0
615,14,109,19069.0
616,14,110,13799.0
617,14,111,6627.0
618,14,112,6151.0
619,14,114,19063.0
620,14,115,5525.0
621,14,075,3791.0
622,14,077,28102.0
623,14,078,31965.0
624,14,079,16431.0
625,14,073,72230.0
626,14,074,16792.0
627,14,076,3095.0
628,14,014,8689.0
629,14,015,64931.0
630,14,043,23258.0
631,14,055,21781.0
632,14,086,21245.0
633,14,002,25250.0
634,14,003,23630.0
635,14,005,16490.0
636,14,025,19689.0
637,14,027,18370.0
638,14,028,2166.0
639,14,010,7758.0
640,14,013,64009.0
641,14,125,18341.0
642,14,089,4072.0
643,14,088,16603.0
644,14,087,16705.0
645,14,085,38955.0
646,14,084,14997.0
647,14,083,87690.0
648,14,082,37186.0
649,14,081,3515.0
650,14,080,5086.0
651,14,072,7609.0
652,14,071,2924.0
653,14,070,232852.0
654,14,068,11303.0
655,14,067,291839.0
656,14,066,53659.0
657,14,064,33588.0
658,14,063,106050.0
659,14,062,3638.0
660,14,061,22083.0
661,14,060,5307.0
662,14,059,14043.0
663,14,058,14451.0
664,15,044,28217.0
665,15,061,10351.0
666,15,014,109384.0
667,15,049,15428.0
668,15,062,72103.0
669,15,103,49196.0
670,15,100,47044.0
671,15,052,28155.0
672,15,015,31900.0
673,15,016,29128.0
674,15,017,10053.0
675,15,018,68489.0
676,15,019,36921.0
677,15,020,293444.0
678,15,022,15107.0
679,15,010,31898.0
680,15,098,5736.0
681,15,092,58507.0
682,15,002,171507.0
683,15,024,178847.0
684,15,118,203872.0
685,15,026,31737.0
686,15,109,516341.0
687,15,107,12912.0
688,15,007,23675.0
689,15,032,37436.0
690,15,059,57082.0
691,15,064,36937.0
692,15,004,15333.0
693,15,008,25244.0
694,15,001,67872.0
695,15,011,75489.0
696,15,060,430601.0
697,15,013,523674.0
698,15,029,200750.0
699,15,027,12772.0
700,15,058,1077208.0
701,15,046,19877.0
702,15,105,31762.0
703,15,033,1645352.0
704,15,043,30687.0
705,15,074,144924.0
706,15,087,105766.0
707,15,104,672202.0
708,15,096,39489.0
709,15,086,35014.0
710,15,082,79282.0
711,15,102,16414.0
712,15,055,13807.0
713,15,069,4862.0
714,15,097,18482.0
715,15,080,24145.0
716,15,095,103696.0
717,15,054,242307.0
718,15,094,20500.0
719,15,093,32564.0
720,15,078,9729.0
721,15,077,6692.0
722,15,021,38643.0
723,15,050,27116.0
724,15,101,84259.0
725,15,025,400057.0
726,15,023,40885.0
727,15,045,87671.0
728,15,115,54633.0
729,15,117,13522.0
730,15,124,100082.0
731,15,066,4891.0
732,15,057,834434.0
733,15,125,14883.0
734,15,083,14130.0
735,15,056,33164.0
736,15,106,910608.0
737,15,110,61590.0
738,15,116,5109.0
739,15,119,18833.0
740,15,120,280455.0
741,15,035,163244.0
742,15,037,284965.0
743,15,038,11929.0
744,15,039,542211.0
745,15,065,36331.0
746,15,067,88783.0
747,15,051,170327.0
748,15,070,304088.0
749,15,084,43593.0
750,15,053,61220.0
751,15,071,14985.0
752,15,072,15972.0
753,15,073,31962.0
754,15,076,97418.0
755,15,009,53441.0
756,15,048,69264.0
757,15,031,705193.0
758,15,047,76826.0
759,15,042,160139.0
760,15,040,36911.0
761,15,036,46757.0
762,15,034,10827.0
763,15,041,6475.0
764,15,079,14323.0
765,15,123,28822.0
766,15,114,108196.0
767,15,085,66414.0
768,15,088,104677.0
769,15,099,277562.0
770,15,030,27692.0
771,15,081,547503.0
772,15,089,11359.0
773,15,090,90518.0
774,15,003,49266.0
775,15,005,174587.0
776,15,068,30785.0
777,15,063,36223.0
778,15,113,69086.0
779,15,112,51498.0
780,15,111,53275.0
781,15,028,30045.0
782,15,075,29182.0
783,15,091,65459.0
784,15,121,555163.0
785,15,122,391731.0
786,15,108,157645.0
787,15,006,12694.0
788,15,012,12984.0
789,16,088,114513.0
790,16,054,7983.0
791,16,055,45732.0
792,16,061,24774.0
793,16,099,14329.0
794,16,075,78935.0
795,16,076,78477.0
796,16,033,21466.0
797,16,035,30627.0
798,16,036,11644.0
799,16,037,7945.0
800,16,038,41973.0
801,16,039,9015.0
802,16,040,18385.0
803,16,041,16043.0
804,16,042,14302.0
805,16,049,19086.0
806,16,050,89311.0
807,16,051,13983.0
808,16,052,196003.0
809,16,053,849053.0
810,16,014,17022.0
811,16,015,19633.0
812,16,016,20965.0
813,16,017,35070.0
814,16,011,11681.0
815,16,010,20332.0
816,16,113,26213.0
817,16,110,49005.0
818,16,109,3232.0
819,16,108,204860.0
820,16,107,76829.0
821,16,106,32303.0
822,16,112,157056.0
823,16,009,36268.0
824,16,008,24676.0
825,16,007,3529.0
826,16,006,126191.0
827,16,005,10892.0
828,16,004,14943.0
829,16,003,23000.0
830,16,002,14754.0
831,16,111,18402.0
832,16,101,8855.0
833,16,100,14911.0
834,16,095,12325.0
835,16,094,6420.0
836,16,093,28556.0
837,16,092,12836.0
838,16,034,125712.0
839,16,089,24074.0
840,16,085,35256.0
841,16,084,31716.0
842,16,105,20982.0
843,16,074,10553.0
844,16,073,27176.0
845,16,071,69260.0
846,16,018,9484.0
847,16,019,20198.0
848,16,020,29910.0
849,16,103,23469.0
850,16,021,13539.0
851,16,022,25138.0
852,16,067,16621.0
853,16,072,13961.0
854,16,086,15534.0
855,16,087,15589.0
856,16,070,15503.0
857,16,069,106490.0
858,16,068,29389.0
859,16,066,98382.0
860,16,065,39657.0
861,16,064,26832.0
862,16,063,14889.0
863,16,062,21028.0
864,16,060,9437.0
865,16,059,9027.0
866,16,058,20981.0
867,16,057,8196.0
868,16,090,16325.0
869,16,091,14934.0
870,16,046,14936.0
871,16,047,19834.0
872,16,048,5745.0
873,16,096,5971.0
874,16,097,29056.0
875,16,056,32598.0
876,16,102,356786.0
877,16,024,20586.0
878,16,098,25757.0
879,16,031,16112.0
880,16,012,45538.0
881,16,080,19833.0
882,16,032,15715.0
883,16,001,11301.0
884,16,043,68781.0
885,16,044,12946.0
886,16,045,36158.0
887,16,081,9076.0
888,16,082,79540.0
889,16,083,33453.0
890,16,013,9176.0
891,16,077,17677.0
892,16,104,15864.0
893,16,079,49896.0
894,16,078,12812.0
895,16,023,10417.0
896,16,025,40560.0
897,16,026,4773.0
898,16,027,4944.0
899,16,028,5233.0
900,16,029,12342.0
901,16,030,11850.0
902,17,006,187118.0
903,17,003,39174.0
904,17,021,7617.0
905,17,030,56083.0
906,17,027,12750.0
907,17,008,107053.0
908,17,023,7943.0
909,17,004,89834.0
910,17,007,378476.0
911,17,031,36094.0
912,17,020,54987.0
913,17,019,28122.0
914,17,005,10520.0
915,17,012,57682.0
916,17,017,40018.0
917,17,009,24515.0
918,17,015,15802.0
919,17,013,16694.0
920,17,011,215357.0
921,17,032,9965.0
922,17,014,9653.0
923,17,024,52399.0
924,17,018,122263.0
925,17,029,105780.0
926,17,016,19219.0
927,17,034,11347.0
928,17,033,16574.0
929,17,035,27805.0
930,17,022,14853.0
931,17,025,33789.0
932,17,036,7855.0
933,17,001,17598.0
934,17,028,73539.0
935,17,010,18402.0
936,17,026,19408.0
937,17,002,25232.0
938,18,014,24911.0
939,18,008,65229.0
940,18,020,187632.0
941,18,003,11536.0
942,18,007,19321.0
943,18,006,29299.0
944,18,005,12230.0
945,18,019,13719.0
946,18,012,41518.0
947,18,018,30064.0
948,18,017,425924.0
949,18,011,24096.0
950,18,010,33567.0
951,18,009,47550.0
952,18,004,77436.0
953,18,002,15393.0
954,18,001,37232.0
955,18,013,7683.0
956,18,016,37135.0
957,18,015,93981.0
958,19,039,1142994.0
959,19,018,397205.0
960,19,006,656464.0
961,19,016,3256.0
962,19,010,104478.0
963,19,020,5506.0
964,19,019,132169.0
965,19,021,481213.0
966,19,048,306322.0
967,19,011,7340.0
968,19,022,14109.0
969,19,008,3661.0
970,19,001,2974.0
971,19,014,36088.0
972,19,013,9930.0
973,19,024,6282.0
974,19,007,14992.0
975,19,045,86766.0
976,19,009,122337.0
977,19,012,68747.0
978,19,038,67428.0
979,19,023,1808.0
980,19,029,7026.0
981,19,028,1386.0
982,19,030,3298.0
983,19,037,6048.0
984,19,050,1552.0
985,19,034,5119.0
986,19,015,1360.0
987,19,035,1483.0
988,19,033,84666.0
989,19,036,7652.0
990,19,032,5351.0
991,19,043,2377.0
992,19,047,16086.0
993,19,031,471523.0
994,19,027,1959.0
995,19,049,46784.0
996,19,025,102149.0
997,19,017,40903.0
998,19,051,3573.0
999,19,046,412199.0
1000,19,026,643143.0
1001,19,044,34709.0
1002,19,042,5389.0
1003,19,041,147624.0
1004,19,005,18030.0
1005,19,040,906.0
1006,19,004,35289.0
1007,19,003,1407.0
1008,19,002,3382.0
1009,20,084,4168.0
1010,20,481,1898.0
1011,20,517,6029.0
1012,20,524,327.0
1013,20,378,3720.0
1014,20,054,404.0
1015,20,542,887.0
1016,20,489,4909.0
1017,20,544,1032.0
1018,20,490,2974.0
1019,20,333,3294.0
1020,20,334,50541.0
1021,20,562,1682.0
1022,20,133,3934.0
1023,20,134,28500.0
1024,20,138,451.0
1025,20,149,2019.0
1026,20,161,2730.0
1027,20,159,5537.0
1028,20,437,9653.0
1029,20,441,9234.0
1030,20,446,6008.0
1031,20,447,17100.0
1032,20,469,34735.0
1033,20,511,3335.0
1034,20,513,9027.0
1035,20,278,38682.0
1036,20,457,3346.0
1037,20,163,1577.0
1038,20,166,11310.0
1039,20,237,1568.0
1040,20,506,798.0
1041,20,482,55840.0
1042,20,508,1618.0
1043,20,205,16989.0
1044,20,271,3194.0
1045,20,329,1153.0
1046,20,330,4296.0
1047,20,238,994.0
1048,20,545,10099.0
1049,20,546,6392.0
1050,20,547,1005.0
1051,20,170,3700.0
1052,20,230,932.0
1053,20,168,938.0
1054,20,184,159452.0
1055,20,185,8939.0
1056,20,186,524.0
1057,20,214,2033.0
1058,20,220,2692.0
1059,20,227,18339.0
1060,20,261,6932.0
1061,20,552,410.0
1062,20,262,991.0
1063,20,266,8551.0
1064,20,246,611.0
1065,20,277,12350.0
1066,20,550,5764.0
1067,20,253,2021.0
1068,20,254,3207.0
1069,20,272,6252.0
1070,20,273,3818.0
1071,20,275,7286.0
1072,20,551,30254.0
1073,20,357,848.0
1074,20,553,12067.0
1075,20,265,6711.0
1076,20,493,545.0
1077,20,318,49780.0
1078,20,327,15479.0
1079,20,554,5904.0
1080,20,555,3419.0
1081,20,556,306.0
1082,20,018,752.0
1083,20,036,5256.0
1084,20,338,10361.0
1085,20,344,2809.0
1086,20,366,3676.0
1087,20,377,10860.0
1088,20,451,1019.0
1089,20,404,761.0
1090,20,407,9578.0
1091,20,502,5089.0
1092,20,005,15261.0
1093,20,558,1376.0
1094,20,561,2954.0
1095,20,056,1446.0
1096,20,563,1245.0
1097,20,564,1195.0
1098,20,565,46464.0
1099,20,099,381.0
1100,20,491,4930.0
1101,20,497,4233.0
1102,20,549,11465.0
1103,20,031,7185.0
1104,20,279,2932.0
1105,20,401,27046.0
1106,20,367,4582.0
1107,20,503,425.0
1108,20,379,2951.0
1109,20,494,6300.0
1110,20,500,7991.0
1111,20,499,1922.0
1112,20,058,12722.0
1113,20,059,50375.0
1114,20,177,10365.0
1115,20,359,637.0
1116,20,364,18654.0
1117,20,569,1454.0
1118,20,570,22093.0
1119,20,567,3382.0
1120,20,057,38183.0
1121,20,423,453.0
1122,20,112,2576.0
1123,20,510,760.0
1124,20,371,986.0
1125,20,424,3793.0
1126,20,406,21469.0
1127,20,410,3418.0
1128,20,435,3576.0
1129,20,417,9682.0
1130,20,422,603.0
1131,20,439,25347.0
1132,20,450,13855.0
1133,20,075,2660.0
1134,20,501,998.0
1135,20,504,1590.0
1136,20,505,7681.0
1137,20,251,1217.0
1138,20,459,4877.0
1139,20,477,1327.0
1140,20,484,4458.0
1141,20,485,3134.0
1142,20,492,2764.0
1143,20,495,3029.0
1144,20,534,3512.0
1145,20,537,6710.0
1146,20,543,6386.0
1147,20,548,1960.0
1148,20,463,525.0
1149,20,467,19112.0
1150,20,559,23067.0
1151,20,169,4251.0
1152,20,117,2213.0
1153,20,512,1101.0
1154,20,514,941.0
1155,20,118,2389.0
1156,20,518,113.0
1157,20,568,1695.0
1158,20,521,250.0
1159,20,001,841.0
1160,20,256,229.0
1161,20,003,2547.0
1162,20,263,3184.0
1163,20,004,1107.0
1164,20,007,2395.0
1165,20,267,245.0
1166,20,011,1402.0
1167,20,027,2179.0
1168,20,030,8730.0
1169,20,519,3386.0
1170,20,013,3043.0
1171,20,460,5242.0
1172,20,044,40934.0
1173,20,017,3607.0
1174,20,507,3155.0
1175,20,049,1184.0
1176,20,520,7393.0
1177,20,019,2754.0
1178,20,022,803.0
1179,20,024,3644.0
1180,20,025,11356.0
1181,20,026,9035.0
1182,20,029,4215.0
1183,20,032,1077.0
1184,20,515,67739.0
1185,20,516,5260.0
1186,20,033,2929.0
1187,20,050,3750.0
1188,20,034,1288.0
1189,20,035,657.0
1190,20,051,4764.0
1191,20,536,449.0
1192,20,037,4424.0
1193,20,040,6385.0
1194,20,041,31710.0
1195,20,042,8385.0
1196,20,045,7888.0
1197,20,053,1297.0
1198,20,046,2943.0
1199,20,047,81.0
1200,20,048,1433.0
1201,20,522,1205.0
1202,20,456,1667.0
1203,20,060,2487.0
1204,20,061,2893.0
1205,20,062,498.0
1206,20,063,4293.0
1207,20,065,1079.0
1208,20,069,3052.0
1209,20,070,6416.0
1210,20,071,3255.0
1211,20,072,8059.0
1212,20,074,456.0
1213,20,076,3411.0
1214,20,190,22444.0
1215,20,078,1301.0
1216,20,077,4370.0
1217,20,523,1633.0
1218,20,081,1871.0
1219,20,080,1593.0
1220,20,082,4163.0
1221,20,086,1032.0
1222,20,083,11391.0
1223,20,092,1776.0
1224,20,087,5521.0
1225,20,089,2308.0
1226,20,090,6234.0
1227,20,091,6279.0
1228,20,094,1850.0
1229,20,096,756.0
1230,20,097,1771.0
1231,20,098,4233.0
1232,20,095,4562.0
1233,20,100,393.0
1234,20,101,748.0
1235,20,102,5326.0
1236,20,233,1720.0
1237,20,103,6064.0
1238,20,104,2705.0
1239,20,105,7678.0
1240,20,107,26282.0
1241,20,108,2936.0
1242,20,109,1232.0
1243,20,110,1668.0
1244,20,111,4873.0
1245,20,527,2490.0
1246,20,116,4131.0
1247,20,114,674.0
1248,20,115,10391.0
1249,20,413,50862.0
1250,20,119,735.0
1251,20,120,449.0
1252,20,121,596.0
1253,20,014,28082.0
1254,20,015,5356.0
1255,20,123,2829.0
1256,20,125,11662.0
1257,20,122,653.0
1258,20,528,904.0
1259,20,124,19696.0
1260,20,129,356.0
1261,20,206,2421.0
1262,20,126,5396.0
1263,20,020,4847.0
1264,20,127,1252.0
1265,20,128,1342.0
1266,20,529,1474.0
1267,20,131,11411.0
1268,20,130,5180.0
1269,20,152,2472.0
1270,20,153,4910.0
1271,20,132,1380.0
1272,20,135,8231.0
1273,20,136,12191.0
1274,20,137,3450.0
1275,20,139,2195.0
1276,20,140,812.0
1277,20,141,8710.0
1278,20,160,1429.0
1279,20,142,842.0
1280,20,143,9461.0
1281,20,144,1075.0
1282,20,172,408.0
1283,20,145,5215.0
1284,20,531,2612.0
1285,20,146,2803.0
1286,20,147,376.0
1287,20,148,2182.0
1288,20,150,13856.0
1289,20,151,312.0
1290,20,157,16827.0
1291,20,248,15571.0
1292,20,158,2233.0
1293,20,162,2046.0
1294,20,164,2881.0
1295,20,176,2725.0
1296,20,165,1629.0
1297,20,167,2149.0
1298,20,530,3923.0
1299,20,187,1808.0
1300,20,171,18102.0
1301,20,188,9609.0
1302,20,173,1457.0
1303,20,174,4564.0
1304,20,191,296.0
1305,20,196,407.0
1306,20,178,6692.0
1307,20,197,3288.0
1308,20,180,2344.0
1309,20,204,634.0
1310,20,181,453.0
1311,20,480,1351.0
1312,20,182,2181.0
1313,20,183,1475.0
1314,20,189,3116.0
1315,20,192,1522.0
1316,20,193,2807.0
1317,20,194,1372.0
1318,20,195,1056.0
1319,20,199,494.0
1320,20,200,3703.0
1321,20,201,1880.0
1322,20,202,4577.0
1323,20,203,3538.0
1324,20,210,5773.0
1325,20,208,6941.0
1326,20,209,607.0
1327,20,566,3144.0
1328,20,215,879.0
1329,20,218,544.0
1330,20,284,3141.0
1331,20,216,1241.0
1332,20,217,3325.0
1333,20,219,2668.0
1334,20,221,1494.0
1335,20,222,1426.0
1336,20,223,440.0
1337,20,541,1558.0
1338,20,224,643.0
1339,20,225,5903.0
1340,20,016,9563.0
1341,20,226,2971.0
1342,20,228,833.0
1343,20,229,9148.0
1344,20,231,3187.0
1345,20,232,22185.0
1346,20,234,7163.0
1347,20,235,3829.0
1348,20,236,1372.0
1349,20,239,1000.0
1350,20,240,2749.0
1351,20,241,1034.0
1352,20,242,12436.0
1353,20,243,1975.0
1354,20,244,3934.0
1355,20,249,3831.0
1356,20,525,12483.0
1357,20,526,16688.0
1358,20,245,1324.0
1359,20,269,4313.0
1360,20,247,1619.0
1361,20,250,1239.0
1362,20,255,1977.0
1363,20,252,2384.0
1364,20,257,1052.0
1365,20,258,698.0
1366,20,259,2142.0
1367,20,260,2191.0
1368,20,268,1149.0
1369,20,276,691.0
1370,20,281,305.0
1371,20,274,1328.0
1372,20,532,4066.0
1373,20,280,2011.0
1374,20,533,2726.0
1375,20,368,2067.0
1376,20,282,653.0
1377,20,052,5996.0
1378,20,283,1044.0
1379,20,535,3227.0
1380,20,286,3100.0
1381,20,285,3668.0
1382,20,288,585.0
1383,20,289,1214.0
1384,20,290,1043.0
1385,20,292,1510.0
1386,20,380,2242.0
1387,20,294,7035.0
1388,20,043,113570.0
1389,20,295,10020.0
1390,20,538,713.0
1391,20,296,955.0
1392,20,297,2751.0
1393,20,304,716.0
1394,20,299,1125.0
1395,20,300,6632.0
1396,20,308,3307.0
1397,20,301,1594.0
1398,20,311,483.0
1399,20,302,4559.0
1400,20,303,1081.0
1401,20,305,4333.0
1402,20,321,751.0
1403,20,332,373.0
1404,20,307,9735.0
1405,20,312,11279.0
1406,20,313,730.0
1407,20,314,1755.0
1408,20,079,84438.0
1409,20,331,982.0
1410,20,315,1899.0
1411,20,316,738.0
1412,20,207,19032.0
1413,20,317,1257.0
1414,20,356,2179.0
1415,20,319,972.0
1416,20,320,706.0
1417,20,322,786.0
1418,20,323,2404.0
1419,20,325,11930.0
1420,20,326,5052.0
1421,20,328,1441.0
1422,20,335,867.0
1423,20,336,1697.0
1424,20,339,4353.0
1425,20,340,1747.0
1426,20,341,241.0
1427,20,342,4105.0
1428,20,343,1999.0
1429,20,345,4188.0
1430,20,346,1542.0
1431,20,347,4202.0
1432,20,539,6348.0
1433,20,211,3411.0
1434,20,212,3117.0
1435,20,213,4203.0
1436,20,348,8192.0
1437,20,349,2189.0
1438,20,540,8326.0
1439,20,350,16878.0
1440,20,352,4940.0
1441,20,353,2406.0
1442,20,354,477.0
1443,20,355,681.0
1444,20,358,1958.0
1445,20,360,3981.0
1446,20,361,825.0
1447,20,362,1495.0
1448,20,363,2675.0
1449,20,369,2193.0
1450,20,370,662.0
1451,20,381,2940.0
1452,20,372,1316.0
1453,20,373,403.0
1454,20,374,1645.0
1455,20,293,17116.0
1456,20,375,13200.0
1457,20,376,365.0
1458,20,382,1182.0
1459,20,383,595.0
1460,20,384,4794.0
1461,20,386,19079.0
1462,20,387,2891.0
1463,20,179,1447.0
1464,20,388,2809.0
1465,20,390,50362.0
1466,20,408,499.0
1467,20,391,3375.0
1468,20,418,11735.0
1469,20,392,6726.0
1470,20,393,4173.0
1471,20,394,2796.0
1472,20,395,1629.0
1473,20,396,3259.0
1474,20,397,40123.0
1475,20,398,4874.0
1476,20,399,41921.0
1477,20,400,1713.0
1478,20,402,1067.0
1479,20,154,2329.0
1480,20,155,1060.0
1481,20,156,3677.0
1482,20,403,3751.0
1483,20,419,592.0
1484,20,405,1815.0
1485,20,409,8939.0
1486,20,264,2169.0
1487,20,411,908.0
1488,20,106,249.0
1489,20,198,29802.0
1490,20,365,1059.0
1491,20,002,45167.0
1492,20,006,20464.0
1493,20,008,734.0
1494,20,009,6857.0
1495,20,010,13474.0
1496,20,055,3739.0
1497,20,412,3178.0
1498,20,414,11995.0
1499,20,415,4878.0
1500,20,287,307.0
1501,20,291,4308.0
1502,20,298,13587.0
1503,20,385,100402.0
1504,20,416,461.0
1505,20,420,1679.0
1506,20,023,26882.0
1507,20,306,4654.0
1508,20,310,14552.0
1509,20,421,4690.0
1510,20,309,10368.0
1511,20,324,48204.0
1512,20,337,5616.0
1513,20,351,2802.0
1514,20,425,2058.0
1515,20,426,8967.0
1516,20,427,16706.0
1517,20,428,2224.0
1518,20,432,903.0
1519,20,429,1516.0
1520,20,430,317.0
1521,20,431,1830.0
1522,20,021,14488.0
1523,20,175,1424.0
1524,20,270,1311.0
1525,20,433,2694.0
1526,20,436,896.0
1527,20,442,250.0
1528,20,434,3985.0
1529,20,438,1839.0
1530,20,440,812.0
1531,20,444,481.0
1532,20,443,434.0
1533,20,445,1699.0
1534,20,448,2469.0
1535,20,449,3294.0
1536,20,452,4421.0
1537,20,453,3918.0
1538,20,454,3556.0
1539,20,455,2904.0
1540,20,458,1157.0
1541,20,461,527.0
1542,20,462,4600.0
1543,20,464,341.0
1544,20,465,1636.0
1545,20,466,13880.0
1546,20,468,14198.0
1547,20,470,4394.0
1548,20,471,431.0
1549,20,472,3361.0
1550,20,473,1291.0
1551,20,474,3440.0
1552,20,475,10175.0
1553,20,476,421.0
1554,20,389,908.0
1555,20,478,1599.0
1556,20,479,174.0
1557,20,012,11166.0
1558,20,028,23148.0
1559,20,039,78313.0
1560,20,064,8494.0
1561,20,066,5342.0
1562,20,067,270955.0
1563,20,068,23751.0
1564,20,073,34652.0
1565,20,085,26194.0
1566,20,088,2881.0
1567,20,483,10886.0
1568,20,486,2419.0
1569,20,093,518.0
1570,20,113,3169.0
1571,20,498,7593.0
1572,20,487,1966.0
1573,20,488,130.0
1574,20,496,1893.0
1575,20,509,11384.0
1576,20,557,14542.0
1577,20,560,6467.0
1578,20,038,1885.0
1579,21,169,22331.0
1580,21,179,31639.0
1581,21,202,13025.0
1582,21,203,7178.0
1583,21,193,6476.0
1584,21,192,5924.0
1585,21,215,4539.0
1586,21,191,9871.0
1587,21,216,2452.0
1588,21,199,42943.0
1589,21,198,1312.0
1590,21,105,5077.0
1591,21,132,155738.0
1592,21,200,3443.0
1593,21,148,11498.0
1594,21,204,7926.0
1595,21,147,6341.0
1596,21,016,9021.0
1597,21,021,1512.0
1598,21,026,15271.0
1599,21,027,4128.0
1600,21,152,12631.0
1601,21,206,4647.0
1602,21,211,16752.0
1603,21,212,20717.0
1604,21,205,26392.0
1605,21,009,2207.0
1606,21,076,27600.0
1607,21,071,103946.0
1608,21,070,6111.0
1609,21,067,18784.0
1610,21,023,9051.0
1611,21,012,6591.0
1612,21,066,6451.0
1613,21,065,22694.0
1614,21,064,17824.0
1615,21,063,14766.0
1616,21,059,2846.0
1617,21,058,21002.0
1618,21,057,6687.0
1619,21,056,1317.0
1620,21,055,5082.0
1621,21,051,37030.0
1622,21,050,26928.0
1623,21,143,34880.0
1624,21,172,27216.0
1625,21,054,35223.0
1626,21,127,3606.0
1627,21,159,3836.0
1628,21,156,327312.0
1629,21,155,6830.0
1630,21,154,80771.0
1631,21,153,23625.0
1632,21,151,9315.0
1633,21,097,2668.0
1634,21,024,976.0
1635,21,074,90794.0
1636,21,166,8918.0
1637,21,167,10373.0
1638,21,108,19903.0
1639,21,109,20274.0
1640,21,110,50226.0
1641,21,111,18528.0
1642,21,210,5675.0
1643,21,136,12461.0
1644,21,112,9350.0
1645,21,114,1692181.0
1646,21,115,57992.0
1647,21,116,22855.0
1648,21,196,1570.0
1649,21,113,4627.0
1650,21,131,975.0
1651,21,089,12131.0
1652,21,049,17382.0
1653,21,048,22039.0
1654,21,047,21699.0
1655,21,129,14018.0
1656,21,130,3604.0
1657,21,183,20433.0
1658,21,182,5390.0
1659,21,171,3851.0
1660,21,174,103583.0
1661,21,176,9664.0
1662,21,178,15977.0
1663,21,180,41547.0
1664,21,201,3375.0
1665,21,197,80591.0
1666,21,195,26559.0
1667,21,186,55576.0
1668,21,181,7425.0
1669,21,185,10344.0
1670,21,046,8193.0
1671,21,045,47410.0
1672,21,043,49864.0
1673,21,213,11967.0
1674,21,124,15954.0
1675,21,042,3315.0
1676,21,077,5951.0
1677,21,041,137435.0
1678,21,177,54757.0
1679,21,040,12340.0
1680,21,207,57887.0
1681,21,208,87361.0
1682,21,184,6422.0
1683,21,194,28395.0
1684,21,190,1187.0
1685,21,039,9837.0
1686,21,038,10542.0
1687,21,117,15952.0
1688,21,189,22454.0
1689,21,188,19315.0
1690,21,187,4934.0
1691,21,087,13308.0
1692,21,080,2633.0
1693,21,086,12050.0
1694,21,084,6950.0
1695,21,165,1216.0
1696,21,164,84270.0
1697,21,163,18854.0
1698,21,017,29742.0
1699,21,019,141793.0
1700,21,173,6653.0
1701,21,020,7704.0
1702,21,175,14432.0
1703,21,161,22218.0
1704,21,160,3689.0
1705,21,069,29233.0
1706,21,157,12672.0
1707,21,162,4155.0
1708,21,028,2758.0
1709,21,029,3811.0
1710,21,030,772.0
1711,21,209,8595.0
1712,21,031,2820.0
1713,21,118,30021.0
1714,21,119,154448.0
1715,21,032,1382.0
1716,21,033,5403.0
1717,21,034,46836.0
1718,21,035,20653.0
1719,21,037,2334.0
1720,21,090,23783.0
1721,21,091,9828.0
1722,21,120,5938.0
1723,21,092,5293.0
1724,21,093,7650.0
1725,21,094,37257.0
1726,21,095,650.0
1727,21,096,3176.0
1728,21,098,6668.0
1729,21,099,20659.0
1730,21,125,9671.0
1731,21,126,6597.0
1732,21,128,10443.0
1733,21,158,6743.0
1734,21,073,9760.0
1735,21,100,9310.0
1736,21,101,3317.0
1737,21,102,14075.0
1738,21,103,6644.0
1739,21,001,72894.0
1740,21,106,42669.0
1741,21,107,11993.0
1742,21,214,18359.0
1743,21,217,20335.0
1744,21,072,17082.0
1745,21,068,7011.0
1746,21,062,4943.0
1747,21,061,14461.0
1748,21,075,13080.0
1749,21,078,15928.0
1750,21,079,5782.0
1751,21,088,4457.0
1752,21,081,4065.0
1753,21,053,66464.0
1754,21,002,9170.0
1755,21,060,7982.0
1756,21,082,8804.0
1757,21,003,37955.0
1758,21,085,82809.0
1759,21,083,25319.0
1760,21,104,32772.0
1761,21,121,1270.0
1762,21,122,11063.0
1763,21,123,3793.0
1764,21,004,63743.0
1765,21,044,17139.0
1766,21,005,3070.0
1767,21,006,14542.0
1768,21,008,11439.0
1769,21,133,692.0
1770,21,134,20974.0
1771,21,036,14806.0
1772,21,025,8208.0
1773,21,022,12857.0
1774,21,170,19200.0
1775,21,011,1885.0
1776,21,135,526.0
1777,21,137,10464.0
1778,21,138,11780.0
1779,21,139,3759.0
1780,21,140,138433.0
1781,21,141,3488.0
1782,21,018,3859.0
1783,21,142,30639.0
1784,21,052,1215.0
1785,21,144,16790.0
1786,21,168,7523.0
1787,21,145,13189.0
1788,21,146,749.0
1789,21,149,30309.0
1790,21,150,6105.0
1791,21,010,74768.0
1792,21,014,4812.0
1793,21,015,125876.0
1794,21,007,3162.0
1795,21,013,22629.0
1796,22,015,8359.0
1797,22,003,13142.0
1798,22,011,231668.0
1799,22,010,18794.0
1800,22,009,27343.0
1801,22,008,36808.0
1802,22,007,45141.0
1803,22,006,212567.0
1804,22,018,27916.0
1805,22,001,66841.0
1806,22,002,27365.0
1807,22,004,69075.0
1808,22,005,67121.0
1809,22,017,72201.0
1810,22,016,297804.0
1811,22,014,1049777.0
1812,22,013,19141.0
1813,22,012,77404.0
1814,23,004,233648.0
1815,23,010,41754.0
1816,23,007,29171.0
1817,23,005,911503.0
1818,23,006,39165.0
1819,23,009,46721.0
1820,23,001,88626.0
1821,23,002,83990.0
1822,23,003,22686.0
1823,23,011,26921.0
1824,23,008,333800.0
1825,24,042,13448.0
1826,24,046,18206.0
1827,24,002,7785.0
1828,24,003,48359.0
1829,24,004,4013.0
1830,24,018,15334.0
1831,24,019,5453.0
1832,24,020,102199.0
1833,24,044,7557.0
1834,24,045,14188.0
1835,24,049,38389.0
1836,24,050,52912.0
1837,24,052,10304.0
1838,24,053,32544.0
1839,24,054,49741.0
1840,24,055,27386.0
1841,24,034,14945.0
1842,24,014,15660.0
1843,24,033,10785.0
1844,24,001,18974.0
1845,24,051,15458.0
1846,24,032,39880.0
1847,24,027,10215.0
1848,24,025,31107.0
1849,24,056,17258.0
1850,24,057,28996.0
1851,24,048,5298.0
1852,24,015,21814.0
1853,24,013,179371.0
1854,24,043,7966.0
1855,24,012,20300.0
1856,24,011,48106.0
1857,24,010,30320.0
1858,24,009,5050.0
1859,24,008,22075.0
1860,24,007,19840.0
1861,24,041,18208.0
1862,24,040,36968.0
1863,24,039,13603.0
1864,24,038,14348.0
1865,24,058,20959.0
1866,24,037,95037.0
1867,24,036,29184.0
1868,24,035,332072.0
1869,24,006,9579.0
1870,24,031,12163.0
1871,24,030,4779.0
1872,24,029,18468.0
1873,24,028,911908.0
1874,24,026,9382.0
1875,24,005,18317.0
1876,24,024,97943.0
1877,24,023,15301.0
1878,24,022,19036.0
1879,24,021,58469.0
1880,24,017,25119.0
1881,24,047,9277.0
1882,24,016,40899.0
1883,25,009,59988.0
1884,25,004,24899.0
1885,25,005,17012.0
1886,25,003,26542.0
1887,25,017,78670.0
1888,25,014,52345.0
1889,25,013,40358.0
1890,25,012,501441.0
1891,25,016,19505.0
1892,25,010,96593.0
1893,25,008,55339.0
1894,25,007,29334.0
1895,25,018,149122.0
1896,25,015,79492.0
1897,25,006,1003530.0
1898,25,002,44093.0
1899,25,011,289370.0
1900,25,001,459310.0
1901,26,023,5829.0
1902,26,069,4793.0
1903,26,010,1221.0
1904,26,029,156863.0
1905,26,040,1531.0
1906,26,039,5774.0
1907,26,042,164387.0
1908,26,041,14369.0
1909,26,038,5173.0
1910,26,035,12536.0
1911,26,036,33049.0
1912,26,037,1101.0
1913,26,054,537.0
1914,26,056,10729.0
1915,26,011,1475.0
1916,26,072,14279.0
1917,26,002,91929.0
1918,26,070,13627.0
1919,26,066,8548.0
1920,26,065,1473.0
1921,26,058,16203.0
1922,26,057,1458.0
1923,26,067,1429.0
1924,26,053,369.0
1925,26,048,62689.0
1926,26,050,1496.0
1927,26,047,9122.0
1928,26,012,23151.0
1929,26,013,1825.0
1930,26,044,365.0
1931,26,046,496.0
1932,26,021,1848.0
1933,26,034,943.0
1934,26,020,4946.0
1935,26,009,759.0
1936,26,043,264782.0
1937,26,059,1835.0
1938,26,033,77682.0
1939,26,045,2438.0
1940,26,018,436484.0
1941,26,005,1177.0
1942,26,008,979.0
1943,26,032,888.0
1944,26,060,2058.0
1945,26,063,1178.0
1946,26,007,626.0
1947,26,031,1186.0
1948,26,064,1381.0
1949,26,062,1114.0
1950,26,052,5257.0
1951,26,051,4830.0
1952,26,049,3090.0
1953,26,016,4988.0
1954,26,024,753.0
1955,26,006,2788.0
1956,26,071,21692.0
1957,26,061,1368.0
1958,26,019,39451.0
1959,26,001,2563.0
1960,26,003,24976.0
1961,26,004,9492.0
1962,26,025,51431.0
1963,26,027,9041.0
1964,26,014,3191.0
1965,26,015,1169.0
1966,26,017,89122.0
1967,26,068,1043.0
1968,26,028,1009.0
1969,26,026,61309.0
1970,26,022,863.0
1971,26,030,936263.0
1972,26,055,199021.0
1973,27,011,30798.0
1974,27,013,150300.0
1975,27,016,58718.0
1976,27,015,47905.0
1977,27,014,96741.0
1978,27,001,58524.0
1979,27,004,683607.0
1980,27,005,214877.0
1981,27,006,137257.0
1982,27,012,158601.0
1983,27,017,62310.0
1984,27,007,32181.0
1985,27,008,190885.0
1986,27,002,243229.0
1987,27,009,37749.0
1988,27,003,107731.0
1989,27,010,91185.0
1990,28,012,41470.0
1991,28,025,26237.0
1992,28,024,6385.0
1993,28,040,60055.0
1994,28,020,2048.0
1995,28,006,7542.0
1996,28,019,14645.0
1997,28,018,6375.0
1998,28,016,17012.0
1999,28,015,15677.0
2000,28,014,3803.0
2001,28,013,15032.0
2002,28,029,13190.0
2003,28,003,269790.0
2004,28,011,8288.0
2005,28,030,13618.0
2006,28,028,3810.0
2007,28,008,4143.0
2008,28,010,1671.0
2009,28,001,9822.0
2010,28,009,205933.0
2011,28,026,3704.0
2012,28,027,425058.0
2013,28,023,4280.0
2014,28,036,926.0
2015,28,042,5361.0
2016,28,017,15994.0
2017,28,035,51405.0
2018,28,005,4256.0
2019,28,043,22229.0
2020,28,007,16546.0
2021,28,022,541979.0
2022,28,021,106144.0
2023,28,037,23673.0
2024,28,034,7411.0
2025,28,033,132484.0
2026,28,032,704767.0
2027,28,031,1917.0
2028,28,002,28725.0
2029,28,004,8850.0
2030,28,038,297562.0
2031,28,039,28230.0
2032,28,041,349688.0
2033,29,030,15475.0
2034,29,041,33499.0
2035,29,025,82688.0
2036,29,038,18006.0
2037,29,023,26309.0
2038,29,020,9432.0
2039,29,017,11592.0
2040,29,016,7504.0
2041,29,001,11403.0
2042,29,043,42242.0
2043,29,002,16003.0
2044,29,052,6436.0
2045,29,050,11761.0
2046,29,055,3077.0
2047,29,005,80725.0
2048,29,006,51172.0
2049,29,029,13328.0
2050,29,051,4092.0
2051,29,018,38579.0
2052,29,031,35284.0
2053,29,032,13561.0
2054,29,059,7750.0
2055,29,009,5928.0
2056,29,056,7952.0
2057,29,014,15190.0
2058,29,040,10601.0
2059,29,024,28357.0
2060,29,053,7688.0
2061,29,008,16222.0
2062,29,037,9207.0
2063,29,057,4636.0
2064,29,045,6211.0
2065,29,039,25607.0
2066,29,035,6294.0
2067,29,033,99896.0
2068,29,034,45438.0
2069,29,047,3534.0
2070,29,042,14197.0
2071,29,021,18686.0
2072,29,048,19036.0
2073,29,004,18111.0
2074,29,046,4951.0
2075,29,012,9416.0
2076,29,054,5689.0
2077,29,019,22274.0
2078,29,007,17332.0
2079,29,060,5443.0
2080,29,015,38970.0
2081,29,011,4755.0
2082,29,010,73215.0
2083,29,058,9463.0
2084,29,026,24116.0
2085,29,036,22529.0
2086,29,044,45717.0
2087,29,027,12974.0
2088,29,003,7087.0
2089,29,049,5884.0
2090,29,028,25257.0
2091,29,022,6432.0
2092,29,013,98764.0
2093,30,080,23132.0
2094,30,162,6448.0
2095,30,153,5795.0
2096,30,097,19123.0
2097,30,081,27295.0
2098,30,082,15831.0
2099,30,083,50836.0
2100,30,167,14619.0
2101,30,010,64234.0
2102,30,169,22709.0
2103,30,185,5548.0
2104,30,209,15044.0
2105,30,187,6105.0
2106,30,108,144776.0
2107,30,173,54537.0
2108,30,084,5574.0
2109,30,085,74004.0
2110,30,086,46794.0
2111,30,088,5054.0
2112,30,089,38669.0
2113,30,090,11132.0
2114,30,091,28524.0
2115,30,092,39623.0
2116,30,188,17217.0
2117,30,094,38367.0
2118,30,208,23376.0
2119,30,011,57035.0
2120,30,012,7866.0
2121,30,015,33839.0
2122,30,016,28682.0
2123,30,017,4709.0
2124,30,117,23773.0
2125,30,113,4614.0
2126,30,114,10130.0
2127,30,115,37314.0
2128,30,163,5040.0
2129,30,019,6909.0
2130,30,042,5743.0
2131,30,043,19876.0
2132,30,044,204721.0
2133,30,047,59471.0
2134,30,049,22050.0
2135,30,052,11869.0
2136,30,099,18327.0
2137,30,100,23918.0
2138,30,101,38670.0
2139,30,103,12799.0
2140,30,189,154600.0
2141,30,190,2258.0
2142,30,191,30097.0
2143,30,192,20204.0
2144,30,105,95202.0
2145,30,184,7933.0
2146,30,172,19925.0
2147,30,171,5575.0
2148,30,170,10824.0
2149,30,207,44978.0
2150,30,135,24127.0
2151,30,134,23544.0
2152,30,137,6308.0
2153,30,196,17902.0
2154,30,197,11205.0
2155,30,198,6788.0
2156,30,139,6126.0
2157,30,186,7197.0
2158,30,200,12581.0
2159,30,201,45028.0
2160,30,202,14644.0
2161,30,204,44104.0
2162,30,194,12492.0
2163,30,195,5900.0
2164,30,021,23461.0
2165,30,020,11577.0
2166,30,199,11899.0
2167,30,206,29209.0
2168,30,122,18051.0
2169,30,210,30891.0
2170,30,211,30351.0
2171,30,212,13062.0
2172,30,028,144550.0
2173,30,203,14524.0
2174,30,205,19402.0
2175,30,027,16120.0
2176,30,026,25993.0
2177,30,025,27217.0
2178,30,018,1978.0
2179,30,009,28184.0
2180,30,024,16485.0
2181,30,004,41742.0
2182,30,023,49180.0
2183,30,030,41835.0
2184,30,168,16343.0
2185,30,166,9405.0
2186,30,165,8925.0
2187,30,164,16957.0
2188,30,126,33442.0
2189,30,050,16333.0
2190,30,046,16167.0
2191,30,121,22756.0
2192,30,128,77432.0
2193,30,106,4841.0
2194,30,145,16574.0
2195,30,146,3925.0
2196,30,147,24578.0
2197,30,148,28130.0
2198,30,149,34385.0
2199,30,150,11631.0
2200,30,104,17134.0
2201,30,102,108842.0
2202,30,008,10338.0
2203,30,071,59920.0
2204,30,112,22835.0
2205,30,032,49451.0
2206,30,111,16493.0
2207,30,110,12125.0
2208,30,007,6538.0
2209,30,033,24421.0
2210,30,006,23100.0
2211,30,041,2355.0
2212,30,051,23096.0
2213,30,045,54737.0
2214,30,014,46955.0
2215,30,013,26843.0
2216,30,005,5253.0
2217,30,127,28258.0
2218,30,069,24085.0
2219,30,002,3441.0
2220,30,029,13701.0
2221,30,034,25011.0
2222,30,035,11165.0
2223,30,036,11018.0
2224,30,037,8176.0
2225,30,038,93911.0
2226,30,039,310698.0
2227,30,040,55016.0
2228,30,064,4008.0
2229,30,065,85489.0
2230,30,066,26830.0
2231,30,067,19179.0
2232,30,068,66372.0
2233,30,070,18275.0
2234,30,059,22638.0
2235,30,072,21796.0
2236,30,073,41670.0
2237,30,048,130903.0
2238,30,120,10343.0
2239,30,074,7293.0
2240,30,075,16525.0
2241,30,022,22651.0
2242,30,098,3299.0
2243,30,001,9701.0
2244,30,107,2934.0
2245,30,078,12379.0
2246,30,109,65761.0
2247,30,079,11387.0
2248,30,116,17027.0
2249,30,131,189457.0
2250,30,031,18888.0
2251,30,136,8343.0
2252,30,138,41795.0
2253,30,140,3134.0
2254,30,141,162428.0
2255,30,142,32631.0
2256,30,143,57085.0
2257,30,144,32400.0
2258,30,151,21902.0
2259,30,183,61377.0
2260,30,124,159910.0
2261,30,003,80815.0
2262,30,152,11561.0
2263,30,182,19664.0
2264,30,181,37795.0
2265,30,180,10900.0
2266,30,178,12898.0
2267,30,175,92726.0
2268,30,125,31894.0
2269,30,193,607209.0
2270,30,179,4284.0
2271,30,093,16585.0
2272,30,053,28075.0
2273,30,054,11461.0
2274,30,055,13527.0
2275,30,177,11685.0
2276,30,056,6610.0
2277,30,057,13881.0
2278,30,058,53858.0
2279,30,129,18053.0
2280,30,119,5651.0
2281,30,087,488531.0
2282,30,060,16283.0
2283,30,154,11991.0
2284,30,061,81080.0
2285,30,062,20839.0
2286,30,063,13359.0
2287,30,118,123182.0
2288,30,155,99959.0
2289,30,156,6041.0
2290,30,123,96185.0
2291,30,157,20145.0
2292,30,158,24551.0
2293,30,159,29686.0
2294,30,160,107270.0
2295,30,130,39327.0
2296,30,096,1543.0
2297,30,095,15059.0
2298,30,132,20300.0
2299,30,133,57909.0
2300,30,161,34408.0
2301,30,076,13377.0
2302,30,176,4489.0
2303,30,174,95602.0
2304,30,077,42807.0
2305,31,068,3206.0
2306,31,066,4220.0
2307,31,029,6240.0
2308,31,001,6550.0
2309,31,003,12285.0
2310,31,004,6195.0
2311,31,005,2167.0
2312,31,081,3355.0
2313,31,064,1701.0
2314,31,058,25954.0
2315,31,055,7080.0
2316,31,007,7490.0
2317,31,049,3965.0
2318,31,009,4466.0
2319,31,024,3244.0
2320,31,106,2215.0
2321,31,022,4363.0
2322,31,041,141939.0
2323,31,038,35137.0
2324,31,030,4015.0
2325,31,021,9406.0
2326,31,018,3385.0
2327,31,017,4686.0
2328,31,011,8389.0
2329,31,008,3949.0
2330,31,102,85460.0
2331,31,101,69147.0
2332,31,010,2755.0
2333,31,012,3736.0
2334,31,013,16671.0
2335,31,071,1949.0
2336,31,069,8967.0
2337,31,067,10053.0
2338,31,015,5560.0
2339,31,016,3104.0
2340,31,023,4863.0
2341,31,050,995129.0
2342,31,065,2118.0
2343,31,061,3974.0
2344,31,092,7888.0
2345,31,093,18420.0
2346,31,059,66008.0
2347,31,094,5444.0
2348,31,057,7766.0
2349,31,056,33854.0
2350,31,006,9159.0
2351,31,025,6003.0
2352,31,026,3622.0
2353,31,027,8345.0
2354,31,031,2818.0
2355,31,033,21255.0
2356,31,002,16772.0
2357,31,028,2936.0
2358,31,019,38934.0
2359,31,075,6921.0
2360,31,034,6514.0
2361,31,035,6384.0
2362,31,062,4962.0
2363,31,036,8090.0
2364,31,042,5553.0
2365,31,098,15346.0
2366,31,076,17939.0
2367,31,089,40495.0
2368,31,084,7037.0
2369,31,079,45062.0
2370,31,037,5250.0
2371,31,039,4186.0
2372,31,020,4497.0
2373,31,043,3405.0
2374,31,044,7530.0
2375,31,045,2677.0
2376,31,046,3296.0
2377,31,047,5968.0
2378,31,048,23991.0
2379,31,051,3430.0
2380,31,052,37804.0
2381,31,053,13494.0
2382,31,054,2990.0
2383,31,060,976.0
2384,31,063,5631.0
2385,31,070,3971.0
2386,31,072,1857.0
2387,31,073,5854.0
2388,31,032,16779.0
2389,31,074,3774.0
2390,31,077,2683.0
2391,31,078,3747.0
2392,31,080,11020.0
2393,31,082,3512.0
2394,31,083,1915.0
2395,31,014,1714.0
2396,31,086,2133.0
2397,31,087,5464.0
2398,31,088,1917.0
2399,31,090,7503.0
2400,31,040,28555.0
2401,31,085,16680.0
2402,31,104,16350.0
2403,31,091,12700.0
2404,31,096,80672.0
2405,31,099,4191.0
2406,31,095,5690.0
2407,31,097,3684.0
2408,31,103,3451.0
2409,31,105,3293.0
2410,31,100,4049.0
2411,32,010,240532.0
2412,32,026,17774.0
2413,32,005,45759.0
2414,32,020,59910.0
2415,32,013,6644.0
2416,32,009,10086.0
2417,32,018,4547.0
2418,32,022,19749.0
2419,32,023,12251.0
2420,32,019,25296.0
2421,32,017,211740.0
2422,32,015,1579.0
2423,32,014,20191.0
2424,32,041,2509.0
2425,32,042,63665.0
2426,32,043,1365.0
2427,32,044,16588.0
2428,32,045,8321.0
2429,32,046,6490.0
2430,32,030,2446.0
2431,32,032,13207.0
2432,32,056,149607.0
2433,32,047,5356.0
2434,32,048,27302.0
2435,32,049,32461.0
2436,32,050,10276.0
2437,32,051,34623.0
2438,32,058,2767.0
2439,32,008,13466.0
2440,32,007,12115.0
2441,32,006,8255.0
2442,32,004,4493.0
2443,32,003,2277.0
2444,32,054,19446.0
2445,32,055,31558.0
2446,32,053,13208.0
2447,32,001,6260.0
2448,32,002,4942.0
2449,32,039,64535.0
2450,32,038,72241.0
2451,32,057,20455.0
2452,32,040,21844.0
2453,32,037,17577.0
2454,32,036,44144.0
2455,32,035,16284.0
2456,32,016,23526.0
2457,32,021,4465.0
2458,32,052,19525.0
2459,32,025,13184.0
2460,32,034,27945.0
2461,32,012,8168.0
2462,32,033,4530.0
2463,32,031,8683.0
2464,32,029,23713.0
2465,32,028,2451.0
2466,32,011,3362.0
2467,32,027,2736.0
2468,32,024,53709.0
