,categoria,entidad,cve_ent,municipio,cve_mun,SECCION,manzana,ageb,localidad,conteo_farm,PIB_PER_CAPITA_MUNICIPAL,POB,POB_SENIOR_PER,POB_NIÑOS_PER,TOTAL_ROBOS_AÑO,score,rank,geometry
0,Hospitales generales del sector privado,Nuevo León,19,Pesquería,41,1705,026,0065,Pesquería,0.9819277108433735,1.0,0.0767030336322905,0.009659162201498817,0.6044159231506296,0.9937245590230664,0.6368878067038781,1.0,POINT (-100.05150378 25.78610364)
1,Hospitales generales del sector privado,Nuevo León,19,Pesquería,41,1705,026,0065,Pesquería,0.9819277108433735,1.0,0.0767030336322905,0.009659162201498817,0.6044159231506296,0.9937245590230664,0.6368878067038781,2.0,POINT (-100.05150378 25.78610364)
2,Hospitales generales del sector privado,Nuevo León,19,Pesquería,41,1705,026,0065,Pesquería,0.9819277108433735,1.0,0.0767030336322905,0.009659162201498817,0.6044159231506296,0.9937245590230664,0.6368878067038781,3.0,POINT (-100.05150378 25.78610364)
3,Hospitales generales del sector privado,Nuevo León,19,Pesquería,41,2889,032,0192,Colinas del Aeropuerto,0.9759036144578314,1.0,0.0767030336322905,0.009659162201498817,0.6044159231506296,0.9937245590230664,0.6353817826074927,4.0,POINT (-100.1109579 25.82293458)
4,Hospitales generales del sector privado,Nuevo León,19,Pesquería,41,2889,032,0192,Colinas del Aeropuerto,0.9759036144578314,1.0,0.0767030336322905,0.009659162201498817,0.6044159231506296,0.9937245590230664,0.6353817826074927,5.0,POINT (-100.1109579 25.82293458)
5,Hospitales generales del sector privado,Nuevo León,19,Pesquería,41,2889,032,0192,Colinas del Aeropuerto,0.9759036144578314,1.0,0.0767030336322905,0.009659162201498817,0.6044159231506296,0.9937245590230664,0.6353817826074927,6.0,POINT (-100.1109579 25.82293458)
6,Hospitales generales del sector público,Puebla,21,Santa Catarina Tlaltempan,146,1872,002,0026,Santa Catarina Tlaltempan,0.9939759036144579,0.5873838189901582,0.00029911322033616164,0.6306983572442332,0.22784325610632983,1.0,0.6277252865119824,7.0,POINT (-98.08003417 18.61406504)
7,Hospitales generales del sector público,Oaxaca,20,Ixpantepec Nieves,65,255,025,0021,Ixpantepec Nieves,1.0,0.07168086100433813,0.0004707781989638718,0.857406583303229,0.32499007332783225,1.0,0.6221733201076094,8.0,POINT (-98.03968103 17.50494651)
8,Hospitales generales del sector público,México,15,Zacualpan,117,5808,032,0090,Zacualpan,0.9759036144578314,0.6081199295126337,0.00694358828703841,0.31778796408156906,0.5132641666803005,0.9998303934871099,0.620552288905964,9.0,POINT (-99.78107952 18.72102428)
9,Hospitales generales del sector público,México,15,Zacualpan,117,5808,032,0090,Zacualpan,0.9759036144578314,0.6081199295126337,0.00694358828703841,0.31778796408156906,0.5132641666803005,0.9998303934871099,0.620552288905964,10.0,POINT (-99.78107952 18.72102428)
10,Hospitales generales del sector público,Oaxaca,20,Santa María Yolotepec,444,1935,012,0023,Santa María Yolotepec,1.0,0.2789056490917005,0.00015970044981426372,0.4736725614102145,0.5575291318859668,1.0,0.620258741623345,11.0,POINT (-97.50544511 16.87456985)
11,Hospitales generales del sector público,Oaxaca,20,San Juan Diuxi,195,1134,031,0045,San Juan Diuxi,1.0,0.08787882189249016,0.00045881367015042536,0.8916100705819178,0.26179304097798006,1.0,0.6181598581778205,12.0,POINT (-97.37391471 17.28134829)
12,Hospitales generales del sector público,Oaxaca,20,Santiago Nundiche,480,2084,002,002A,Santiago Nundiche,1.0,0.6957181250114316,0.0006122717571054996,0.4162192682774206,0.31267619498578203,0.9991519674355496,0.6167878391052249,13.0,POINT (-97.67308426 17.33225459)
13,Hospitales generales del sector público,Jalisco,14,Mascota,58,1806,010,038A,Mascota,0.9819277108433735,0.6306708254475839,0.007426851211720661,0.43671817930555823,0.35487139403620627,1.0,0.6167149022177019,14.0,POINT (-104.79766329 20.52968441)
14,Hospitales generales del sector público,Jalisco,14,Mascota,58,1806,010,038A,Mascota,0.9819277108433735,0.6306708254475839,0.007426851211720661,0.43671817930555823,0.35487139403620627,1.0,0.6167149022177019,15.0,POINT (-104.79766329 20.52968441)
15,Hospitales generales del sector público,Jalisco,14,Mascota,58,1806,010,038A,Mascota,0.9819277108433735,0.6306708254475839,0.007426851211720661,0.43671817930555823,0.35487139403620627,1.0,0.6167149022177019,16.0,POINT (-104.79766329 20.52968441)
16,Hospitales generales del sector público,Jalisco,14,Mascota,58,1806,010,038A,Mascota,0.9819277108433735,0.6306708254475839,0.007426851211720661,0.43671817930555823,0.35487139403620627,1.0,0.6167149022177019,17.0,POINT (-104.79766329 20.52968441)
17,Hospitales generales del sector público,Jalisco,14,Mascota,58,1806,010,038A,Mascota,0.9819277108433735,0.6306708254475839,0.007426851211720661,0.43671817930555823,0.35487139403620627,1.0,0.6167149022177019,18.0,POINT (-104.79766329 20.52968441)
18,Hospitales generales del sector público,Puebla,21,Ahuehuetitla,9,79,039,0065,Ahuehuetitla,0.9879518072289156,0.19611747311766617,0.001057560307727681,0.5536263096526503,0.5280775233857987,1.0,0.6158224005895045,19.0,POINT (-98.22073009 18.21104003)
19,Hospitales generales del sector público,Oaxaca,20,San Lorenzo Victoria,230,1251,005,0031,San Lorenzo Victoria,1.0,0.12985631489148375,0.00039430925393880094,0.6511559433212006,0.4502174693134523,1.0,0.6129564621136738,20.0,POINT (-98.12022574 17.67155133)
20,Hospitales generales del sector público,Oaxaca,20,San Lorenzo Victoria,230,1251,005,0031,San Lorenzo Victoria,1.0,0.12985631489148375,0.00039430925393880094,0.6511559433212006,0.4502174693134523,1.0,0.6129564621136738,21.0,POINT (-98.12022574 17.67155133)
21,Hospitales generales del sector público,Jalisco,14,Mascota,58,3676,001,0322,Mascota,0.9578313253012049,0.6306708254475839,0.007426851211720661,0.43671817930555823,0.35487139403620627,1.0,0.6106908058321597,22.0,POINT (-104.77910308 20.52337554)
22,Hospitales generales del sector público,Jalisco,14,Mascota,58,3676,001,0322,Mascota,0.9578313253012049,0.6306708254475839,0.007426851211720661,0.43671817930555823,0.35487139403620627,1.0,0.6106908058321597,23.0,POINT (-104.77910308 20.52337554)
23,Hospitales generales del sector público,Jalisco,14,Mascota,58,3676,001,0322,Mascota,0.9578313253012049,0.6306708254475839,0.007426851211720661,0.43671817930555823,0.35487139403620627,1.0,0.6106908058321597,24.0,POINT (-104.77910308 20.52337554)
24,Hospitales generales del sector público,Jalisco,14,Mascota,58,3676,001,0322,Mascota,0.9578313253012049,0.6306708254475839,0.007426851211720661,0.43671817930555823,0.35487139403620627,1.0,0.6106908058321597,25.0,POINT (-104.77910308 20.52337554)
25,Hospitales generales del sector público,Jalisco,14,Mascota,58,3676,001,0322,Mascota,0.9578313253012049,0.6306708254475839,0.007426851211720661,0.43671817930555823,0.35487139403620627,1.0,0.6106908058321597,26.0,POINT (-104.77910308 20.52337554)
26,Hospitales generales del sector público,Oaxaca,20,Cosoltepec,22,144,001,0039,Cosoltepec,1.0,0.043920368549723816,0.00032720385320251426,0.9937207273638663,0.15673990148929612,1.0,0.6106776588098288,27.0,POINT (-97.79098247 18.14211534)
27,Hospitales generales del sector público,Oaxaca,20,Cosoltepec,22,144,001,0039,Cosoltepec,1.0,0.043920368549723816,0.00032720385320251426,0.9937207273638663,0.15673990148929612,1.0,0.6106776588098288,28.0,POINT (-97.79098247 18.14211534)
28,Hospitales generales del sector público,Oaxaca,20,Cosoltepec,22,144,001,0039,Cosoltepec,1.0,0.043920368549723816,0.00032720385320251426,0.9937207273638663,0.15673990148929612,1.0,0.6106776588098288,29.0,POINT (-97.79098247 18.14211534)
29,Hospitales generales del sector público,Oaxaca,20,Cosoltepec,22,144,001,0039,Cosoltepec,1.0,0.043920368549723816,0.00032720385320251426,0.9937207273638663,0.15673990148929612,1.0,0.6106776588098288,30.0,POINT (-97.79098247 18.14211534)
30,Hospitales generales del sector público,Oaxaca,20,Santa Ana Yareni,359,1649,014,0035,Santa Ana Yareni,1.0,0.19001149213941979,0.0002408511669837267,0.8836830114414546,0.15554157576129646,1.0,0.6082893559605783,31.0,POINT (-96.61060399 17.39747822)
31,Hospitales generales del sector público,Oaxaca,20,Santa Inés de Zaragoza,569,1743,015,0028,Santa Inés de Zaragoza,1.0,0.08018827737129049,0.0006658520383135425,0.7424881375584451,0.3611725656068543,1.0,0.6057861338066581,32.0,POINT (-97.15985985 17.22837707)
32,Hospitales generales del sector público,Oaxaca,20,San Pedro Tidaá,331,1558,009,0034,San Pedro Tidaá,1.0,0.03671406472304081,0.0004203190991854237,0.7210006143198893,0.4118519022802293,1.0,0.6056035122220573,33.0,POINT (-97.37785377 17.34103866)
33,Hospitales generales del sector público,Oaxaca,20,San Pedro Tidaá,331,1558,009,0034,San Pedro Tidaá,1.0,0.03671406472304081,0.0004203190991854237,0.7210006143198893,0.4118519022802293,1.0,0.6056035122220573,34.0,POINT (-97.37785377 17.34103866)
34,Hospitales generales del sector público,Oaxaca,20,San Pedro Tidaá,331,1558,009,0034,San Pedro Tidaá,1.0,0.03671406472304081,0.0004203190991854237,0.7210006143198893,0.4118519022802293,1.0,0.6056035122220573,35.0,POINT (-97.37785377 17.34103866)
35,Hospitales generales del sector público,Oaxaca,20,San Juan Cieneguilla,186,1110,001,007A,San Juan Cieneguilla,1.0,0.06640625137928377,0.00018206891672635929,0.634446311945357,0.4636496668847856,1.0,0.6023736676464074,36.0,POINT (-98.27880509 17.85036848)
36,Hospitales generales del sector público,Jalisco,14,Encarnación de Díaz,35,505,001,0351,Encarnación de Díaz,0.9879518072289156,0.587405732519492,0.027500209379254237,0.28892217325130976,0.4554813553612551,0.998303934871099,0.6017405185672944,37.0,POINT (-102.22675526 21.52045688)
37,Hospitales generales del sector público,Jalisco,14,Encarnación de Díaz,35,505,001,0351,Encarnación de Díaz,0.9879518072289156,0.587405732519492,0.027500209379254237,0.28892217325130976,0.4554813553612551,0.998303934871099,0.6017405185672944,38.0,POINT (-102.22675526 21.52045688)
38,Hospitales generales del sector público,Oaxaca,20,Santa Catarina Yosonotú,372,1680,018,0022,Santa Catarina Yosonotú,0.9879518072289156,0.12274242281951175,0.0005940648654328637,0.7820057314710428,0.2858738508986649,1.0,0.6013156366207091,39.0,POINT (-97.66267569 17.01776694)
39,Hospitales generales del sector público,Oaxaca,20,Santa Catarina Yosonotú,372,1680,018,0022,Santa Catarina Yosonotú,0.9879518072289156,0.12274242281951175,0.0005940648654328637,0.7820057314710428,0.2858738508986649,1.0,0.6013156366207091,40.0,POINT (-97.66267569 17.01776694)
40,Hospitales generales del sector público,Oaxaca,20,San Pedro Topiltepec,332,1560,002,0027,San Pedro Topiltepec,1.0,0.0023279704097479747,0.00010351918408155856,0.9700127429354862,0.14291606116632788,1.0,0.5957749922956231,41.0,POINT (-97.34266842 17.43705542)
41,Hospitales generales del sector público,Oaxaca,20,San Pedro Topiltepec,332,1560,002,0027,San Pedro Topiltepec,1.0,0.0023279704097479747,0.00010351918408155856,0.9700127429354862,0.14291606116632788,1.0,0.5957749922956231,42.0,POINT (-97.34266842 17.43705542)
42,Hospitales generales del sector público,Oaxaca,20,San Pedro Topiltepec,332,1560,002,0027,San Pedro Topiltepec,1.0,0.0023279704097479747,0.00010351918408155856,0.9700127429354862,0.14291606116632788,1.0,0.5957749922956231,43.0,POINT (-97.34266842 17.43705542)
43,Hospitales generales del sector público,Oaxaca,20,San Pedro Topiltepec,332,1560,002,0027,San Pedro Topiltepec,1.0,0.0023279704097479747,0.00010351918408155856,0.9700127429354862,0.14291606116632788,1.0,0.5957749922956231,44.0,POINT (-97.34266842 17.43705542)
44,Hospitales generales del sector público,Oaxaca,20,San Pedro Topiltepec,332,1560,002,0027,San Pedro Topiltepec,1.0,0.0023279704097479747,0.00010351918408155856,0.9700127429354862,0.14291606116632788,1.0,0.5957749922956231,45.0,POINT (-97.34266842 17.43705542)
45,Hospitales generales del sector público,Oaxaca,20,San Pedro Topiltepec,332,1560,002,0027,San Pedro Topiltepec,1.0,0.0023279704097479747,0.00010351918408155856,0.9700127429354862,0.14291606116632788,1.0,0.5957749922956231,46.0,POINT (-97.34266842 17.43705542)
46,Hospitales generales del sector público,Oaxaca,20,San Pedro Topiltepec,332,1560,002,0027,San Pedro Topiltepec,1.0,0.0023279704097479747,0.00010351918408155856,0.9700127429354862,0.14291606116632788,1.0,0.5957749922956231,47.0,POINT (-97.34266842 17.43705542)
47,Hospitales generales del sector público,Oaxaca,20,San Pedro Topiltepec,332,1560,002,0027,San Pedro Topiltepec,1.0,0.0023279704097479747,0.00010351918408155856,0.9700127429354862,0.14291606116632788,1.0,0.5957749922956231,48.0,POINT (-97.34266842 17.43705542)
48,Hospitales generales del sector público,Oaxaca,20,San Pedro Topiltepec,332,1560,002,0027,San Pedro Topiltepec,1.0,0.0023279704097479747,0.00010351918408155856,0.9700127429354862,0.14291606116632788,1.0,0.5957749922956231,49.0,POINT (-97.34266842 17.43705542)
49,Hospitales generales del sector público,Oaxaca,20,San Pedro Topiltepec,332,1560,002,0027,San Pedro Topiltepec,1.0,0.0023279704097479747,0.00010351918408155856,0.9700127429354862,0.14291606116632788,1.0,0.5957749922956231,50.0,POINT (-97.34266842 17.43705542)
50,Hospitales generales del sector público,Oaxaca,20,San Pedro Topiltepec,332,1560,002,0027,San Pedro Topiltepec,1.0,0.0023279704097479747,0.00010351918408155856,0.9700127429354862,0.14291606116632788,1.0,0.5957749922956231,51.0,POINT (-97.34266842 17.43705542)
51,Hospitales generales del sector público,Oaxaca,20,San Pedro Topiltepec,332,1560,002,0027,San Pedro Topiltepec,1.0,0.0023279704097479747,0.00010351918408155856,0.9700127429354862,0.14291606116632788,1.0,0.5957749922956231,52.0,POINT (-97.34266842 17.43705542)
52,Hospitales generales del sector público,Oaxaca,20,San Pedro Topiltepec,332,1560,002,0027,San Pedro Topiltepec,1.0,0.0023279704097479747,0.00010351918408155856,0.9700127429354862,0.14291606116632788,1.0,0.5957749922956231,53.0,POINT (-97.34266842 17.43705542)
53,Hospitales generales del sector público,Oaxaca,20,San Pedro Topiltepec,332,1560,002,0027,San Pedro Topiltepec,1.0,0.0023279704097479747,0.00010351918408155856,0.9700127429354862,0.14291606116632788,1.0,0.5957749922956231,54.0,POINT (-97.34266842 17.43705542)
54,Hospitales generales del sector público,Oaxaca,20,San Pedro Topiltepec,332,1560,002,0027,San Pedro Topiltepec,1.0,0.0023279704097479747,0.00010351918408155856,0.9700127429354862,0.14291606116632788,1.0,0.5957749922956231,55.0,POINT (-97.34266842 17.43705542)
55,Hospitales generales del sector público,Oaxaca,20,San Pedro Topiltepec,332,1560,002,0027,San Pedro Topiltepec,1.0,0.0023279704097479747,0.00010351918408155856,0.9700127429354862,0.14291606116632788,1.0,0.5957749922956231,56.0,POINT (-97.34266842 17.43705542)
56,Hospitales generales del sector público,Oaxaca,20,San Pedro Topiltepec,332,1560,002,0027,San Pedro Topiltepec,1.0,0.0023279704097479747,0.00010351918408155856,0.9700127429354862,0.14291606116632788,1.0,0.5957749922956231,57.0,POINT (-97.34266842 17.43705542)
57,Hospitales generales del sector público,Oaxaca,20,San Pedro Topiltepec,332,1560,002,0027,San Pedro Topiltepec,1.0,0.0023279704097479747,0.00010351918408155856,0.9700127429354862,0.14291606116632788,1.0,0.5957749922956231,58.0,POINT (-97.34266842 17.43705542)
58,Hospitales generales del sector público,Oaxaca,20,San Pedro Topiltepec,332,1560,002,0027,San Pedro Topiltepec,1.0,0.0023279704097479747,0.00010351918408155856,0.9700127429354862,0.14291606116632788,1.0,0.5957749922956231,59.0,POINT (-97.34266842 17.43705542)
59,Hospitales generales del sector público,Oaxaca,20,San Pedro Topiltepec,332,1560,002,0027,San Pedro Topiltepec,1.0,0.0023279704097479747,0.00010351918408155856,0.9700127429354862,0.14291606116632788,1.0,0.5957749922956231,60.0,POINT (-97.34266842 17.43705542)
60,Hospitales generales del sector público,Oaxaca,20,San Pedro Topiltepec,332,1560,002,0027,San Pedro Topiltepec,1.0,0.0023279704097479747,0.00010351918408155856,0.9700127429354862,0.14291606116632788,1.0,0.5957749922956231,61.0,POINT (-97.34266842 17.43705542)
61,Hospitales generales del sector público,Chihuahua,8,Dr. Belisario Domínguez,22,1031,013,0220,San Lorenzo,0.9939759036144579,0.10071511903232319,0.0011870893370558625,0.9268557895615016,0.12479711935366594,0.9996607869742198,0.595753853088941,62.0,POINT (-106.47865381 28.15550463)
62,Hospitales generales del sector público,Chihuahua,8,Dr. Belisario Domínguez,22,1031,013,0220,San Lorenzo,0.9939759036144579,0.10071511903232319,0.0011870893370558625,0.9268557895615016,0.12479711935366594,0.9996607869742198,0.595753853088941,63.0,POINT (-106.47865381 28.15550463)
63,Hospitales generales del sector público,Chihuahua,8,Dr. Belisario Domínguez,22,1031,013,0220,San Lorenzo,0.9939759036144579,0.10071511903232319,0.0011870893370558625,0.9268557895615016,0.12479711935366594,0.9996607869742198,0.595753853088941,64.0,POINT (-106.47865381 28.15550463)
64,Hospitales generales del sector público,Chihuahua,8,Dr. Belisario Domínguez,22,1031,013,0220,San Lorenzo,0.9939759036144579,0.10071511903232319,0.0011870893370558625,0.9268557895615016,0.12479711935366594,0.9996607869742198,0.595753853088941,65.0,POINT (-106.47865381 28.15550463)
65,Hospitales generales del sector público,Chihuahua,8,Dr. Belisario Domínguez,22,1031,013,0220,San Lorenzo,0.9939759036144579,0.10071511903232319,0.0011870893370558625,0.9268557895615016,0.12479711935366594,0.9996607869742198,0.595753853088941,66.0,POINT (-106.47865381 28.15550463)
66,Hospitales generales del sector público,Chihuahua,8,Dr. Belisario Domínguez,22,1031,013,0220,San Lorenzo,0.9939759036144579,0.10071511903232319,0.0011870893370558625,0.9268557895615016,0.12479711935366594,0.9996607869742198,0.595753853088941,67.0,POINT (-106.47865381 28.15550463)
67,Hospitales generales del sector público,Chihuahua,8,Dr. Belisario Domínguez,22,1031,013,0220,San Lorenzo,0.9939759036144579,0.10071511903232319,0.0011870893370558625,0.9268557895615016,0.12479711935366594,0.9996607869742198,0.595753853088941,68.0,POINT (-106.47865381 28.15550463)
68,Hospitales generales del sector público,Chihuahua,8,Dr. Belisario Domínguez,22,1031,013,0220,San Lorenzo,0.9939759036144579,0.10071511903232319,0.0011870893370558625,0.9268557895615016,0.12479711935366594,0.9996607869742198,0.595753853088941,69.0,POINT (-106.47865381 28.15550463)
69,Hospitales generales del sector público,Oaxaca,20,Santiago Huauclilla,463,1999,002,0048,Santiago Huauclilla,1.0,0.022289761113630013,0.00018258911363129175,1.0,0.09878336703706109,1.0,0.5956903000116329,70.0,POINT (-97.07084692 17.45151034)
70,Hospitales generales del sector público,Oaxaca,20,Santiago Huauclilla,463,1999,002,0048,Santiago Huauclilla,1.0,0.022289761113630013,0.00018258911363129175,1.0,0.09878336703706109,1.0,0.5956903000116329,71.0,POINT (-97.07084692 17.45151034)
71,Hospitales generales del sector público,Oaxaca,20,Santiago Huauclilla,463,1999,002,0048,Santiago Huauclilla,1.0,0.022289761113630013,0.00018258911363129175,1.0,0.09878336703706109,1.0,0.5956903000116329,72.0,POINT (-97.07084692 17.45151034)
72,Hospitales generales del sector público,Oaxaca,20,Santiago Huauclilla,463,1999,002,0048,Santiago Huauclilla,1.0,0.022289761113630013,0.00018258911363129175,1.0,0.09878336703706109,1.0,0.5956903000116329,73.0,POINT (-97.07084692 17.45151034)
73,Hospitales generales del sector público,Puebla,21,San Miguel Xoxtla,136,1788,019,0034,San Miguel Xoxtla,0.9337349397590361,0.8386574470343033,0.006391659370905075,0.2053766987441783,0.4026433290294301,0.9994911804613297,0.5955013905915095,74.0,POINT (-98.31289648 19.1647014)
74,Hospitales generales del sector público,Oaxaca,20,Fresnillo de Trujano,32,187,027,0020,Fresnillo de Trujano,1.0,0.08409088011729696,0.00046973780515400696,0.5773098193918694,0.4769206254811632,1.0,0.5952594234048711,75.0,POINT (-98.13376701 17.90580005)
75,Hospitales generales del sector público,Oaxaca,20,Fresnillo de Trujano,32,187,027,0020,Fresnillo de Trujano,1.0,0.08409088011729696,0.00046973780515400696,0.5773098193918694,0.4769206254811632,1.0,0.5952594234048711,76.0,POINT (-98.13376701 17.90580005)
76,Hospitales generales del sector público,Oaxaca,20,Fresnillo de Trujano,32,187,027,0020,Fresnillo de Trujano,1.0,0.08409088011729696,0.00046973780515400696,0.5773098193918694,0.4769206254811632,1.0,0.5952594234048711,77.0,POINT (-98.13376701 17.90580005)
77,Hospitales generales del sector público,Oaxaca,20,San Juan Ihualtepec,199,1162,014,0044,San Juan Ihualtepec,0.9939759036144579,0.004224346743679489,0.0001664630095783856,0.890435158610101,0.22262108496894883,1.0,0.5945947276046499,78.0,POINT (-98.28765539 17.74017066)
78,Hospitales generales del sector público,Oaxaca,20,San Juan Ihualtepec,199,1162,014,0044,San Juan Ihualtepec,0.9939759036144579,0.004224346743679489,0.0001664630095783856,0.890435158610101,0.22262108496894883,1.0,0.5945947276046499,79.0,POINT (-98.28765539 17.74017066)
79,Hospitales generales del sector público,Oaxaca,20,San Juan Ihualtepec,199,1162,014,0044,San Juan Ihualtepec,0.9939759036144579,0.004224346743679489,0.0001664630095783856,0.890435158610101,0.22262108496894883,1.0,0.5945947276046499,80.0,POINT (-98.28765539 17.74017066)
80,Hospitales generales del sector público,Oaxaca,20,San Juan Ihualtepec,199,1162,014,0044,San Juan Ihualtepec,0.9939759036144579,0.004224346743679489,0.0001664630095783856,0.890435158610101,0.22262108496894883,1.0,0.5945947276046499,81.0,POINT (-98.28765539 17.74017066)
81,Hospitales generales del sector público,Oaxaca,20,San Juan Ihualtepec,199,1162,014,0044,San Juan Ihualtepec,0.9939759036144579,0.004224346743679489,0.0001664630095783856,0.890435158610101,0.22262108496894883,1.0,0.5945947276046499,82.0,POINT (-98.28765539 17.74017066)
82,Hospitales generales del sector público,Oaxaca,20,San Juan Ihualtepec,199,1162,014,0044,San Juan Ihualtepec,0.9939759036144579,0.004224346743679489,0.0001664630095783856,0.890435158610101,0.22262108496894883,1.0,0.5945947276046499,83.0,POINT (-98.28765539 17.74017066)
83,Hospitales generales del sector público,Oaxaca,20,San Juan Ihualtepec,199,1162,014,0044,San Juan Ihualtepec,0.9939759036144579,0.004224346743679489,0.0001664630095783856,0.890435158610101,0.22262108496894883,1.0,0.5945947276046499,84.0,POINT (-98.28765539 17.74017066)
84,Hospitales generales del sector público,Oaxaca,20,San Juan Ihualtepec,199,1162,014,0044,San Juan Ihualtepec,0.9939759036144579,0.004224346743679489,0.0001664630095783856,0.890435158610101,0.22262108496894883,1.0,0.5945947276046499,85.0,POINT (-98.28765539 17.74017066)
85,Hospitales generales del sector público,Oaxaca,20,San Juan Ihualtepec,199,1162,014,0044,San Juan Ihualtepec,0.9939759036144579,0.004224346743679489,0.0001664630095783856,0.890435158610101,0.22262108496894883,1.0,0.5945947276046499,86.0,POINT (-98.28765539 17.74017066)
86,Hospitales generales del sector público,Oaxaca,20,San Juan Ihualtepec,199,1162,014,0044,San Juan Ihualtepec,0.9939759036144579,0.004224346743679489,0.0001664630095783856,0.890435158610101,0.22262108496894883,1.0,0.5945947276046499,87.0,POINT (-98.28765539 17.74017066)
87,Hospitales generales del sector público,Oaxaca,20,San Juan Ihualtepec,199,1162,014,0044,San Juan Ihualtepec,0.9939759036144579,0.004224346743679489,0.0001664630095783856,0.890435158610101,0.22262108496894883,1.0,0.5945947276046499,88.0,POINT (-98.28765539 17.74017066)
88,Hospitales generales del sector público,Oaxaca,20,San Juan Ihualtepec,199,1162,014,0044,San Juan Ihualtepec,0.9939759036144579,0.004224346743679489,0.0001664630095783856,0.890435158610101,0.22262108496894883,1.0,0.5945947276046499,89.0,POINT (-98.28765539 17.74017066)
89,Hospitales generales del sector público,Oaxaca,20,San Juan Ihualtepec,199,1162,014,0044,San Juan Ihualtepec,0.9939759036144579,0.004224346743679489,0.0001664630095783856,0.890435158610101,0.22262108496894883,1.0,0.5945947276046499,90.0,POINT (-98.28765539 17.74017066)
90,Hospitales generales del sector público,Oaxaca,20,San Juan Ihualtepec,199,1162,014,0044,San Juan Ihualtepec,0.9939759036144579,0.004224346743679489,0.0001664630095783856,0.890435158610101,0.22262108496894883,1.0,0.5945947276046499,91.0,POINT (-98.28765539 17.74017066)
91,Hospitales generales del sector público,Oaxaca,20,San Juan Ihualtepec,199,1162,014,0044,San Juan Ihualtepec,0.9939759036144579,0.004224346743679489,0.0001664630095783856,0.890435158610101,0.22262108496894883,1.0,0.5945947276046499,92.0,POINT (-98.28765539 17.74017066)
92,Hospitales generales del sector público,Oaxaca,20,San Juan Ihualtepec,199,1162,014,0044,San Juan Ihualtepec,0.9939759036144579,0.004224346743679489,0.0001664630095783856,0.890435158610101,0.22262108496894883,1.0,0.5945947276046499,93.0,POINT (-98.28765539 17.74017066)
93,Hospitales generales del sector público,Oaxaca,20,San Juan Ihualtepec,199,1162,014,0044,San Juan Ihualtepec,0.9939759036144579,0.004224346743679489,0.0001664630095783856,0.890435158610101,0.22262108496894883,1.0,0.5945947276046499,94.0,POINT (-98.28765539 17.74017066)
94,Hospitales generales del sector público,Oaxaca,20,San Juan Ihualtepec,199,1162,014,0044,San Juan Ihualtepec,0.9939759036144579,0.004224346743679489,0.0001664630095783856,0.890435158610101,0.22262108496894883,1.0,0.5945947276046499,95.0,POINT (-98.28765539 17.74017066)
95,Hospitales generales del sector público,Oaxaca,20,San Juan Ihualtepec,199,1162,014,0044,San Juan Ihualtepec,0.9939759036144579,0.004224346743679489,0.0001664630095783856,0.890435158610101,0.22262108496894883,1.0,0.5945947276046499,96.0,POINT (-98.28765539 17.74017066)
96,Hospitales generales del sector público,Oaxaca,20,San Juan Ihualtepec,199,1162,014,0044,San Juan Ihualtepec,0.9939759036144579,0.004224346743679489,0.0001664630095783856,0.890435158610101,0.22262108496894883,1.0,0.5945947276046499,97.0,POINT (-98.28765539 17.74017066)
97,Hospitales generales del sector público,Oaxaca,20,San Juan Ihualtepec,199,1162,014,0044,San Juan Ihualtepec,0.9939759036144579,0.004224346743679489,0.0001664630095783856,0.890435158610101,0.22262108496894883,1.0,0.5945947276046499,98.0,POINT (-98.28765539 17.74017066)
98,Hospitales generales del sector público,Oaxaca,20,San Juan Ihualtepec,199,1162,014,0044,San Juan Ihualtepec,0.9939759036144579,0.004224346743679489,0.0001664630095783856,0.890435158610101,0.22262108496894883,1.0,0.5945947276046499,99.0,POINT (-98.28765539 17.74017066)
99,Hospitales generales del sector público,Oaxaca,20,San Juan Ihualtepec,199,1162,014,0044,San Juan Ihualtepec,0.9939759036144579,0.004224346743679489,0.0001664630095783856,0.890435158610101,0.22262108496894883,1.0,0.5945947276046499,100.0,POINT (-98.28765539 17.74017066)
100,Hospitales generales del sector público,Sonora,26,Ures,66,747,012,037A,Heroica Ciudad de Ures,0.9698795180722891,0.5110283902880942,0.004356128881904378,0.599940180330197,0.184899455019222,0.9998303934871099,0.5934698917917167,101.0,POINT (-110.39091689 29.42518447)
101,Hospitales generales del sector público,Sonora,26,Ures,66,747,008,0384,Heroica Ciudad de Ures,0.9698795180722891,0.5110283902880942,0.004356128881904378,0.599940180330197,0.184899455019222,0.9998303934871099,0.5934698917917167,102.0,POINT (-110.39033969 29.42858855)
102,Hospitales generales del sector público,Sonora,26,Huatabampo,33,1189,001,0773,Huatabampo,1.0,0.5345734582457616,0.04031942170750473,0.4064351225455786,0.3154758321213492,0.9989823609226595,0.5922081462011797,103.0,POINT (-109.64073752 26.84304357)
103,Hospitales generales del sector público,Oaxaca,20,San Simón Zahuatlán,352,1330,017,002A,San Simón Zahuatlán,1.0,0.26958681611114127,0.0024792584489080807,0.1217876052993372,0.7805716726809016,1.0,0.5899407569652261,104.0,POINT (-98.00397792 17.82915582)
104,Hospitales generales del sector público,Jalisco,14,Cuquío,29,445,008,0138,Cuquío,0.9156626506024096,0.539938296557293,0.009179394584438103,0.3779656602929323,0.42224652355244496,0.9998303934871099,0.58809669709269,105.0,POINT (-103.02612624 20.93078191)
105,Hospitales generales del sector público,Jalisco,14,Cuquío,29,445,008,0138,Cuquío,0.9156626506024096,0.539938296557293,0.009179394584438103,0.3779656602929323,0.42224652355244496,0.9998303934871099,0.58809669709269,106.0,POINT (-103.02612624 20.93078191)
106,Hospitales generales del sector público,Jalisco,14,Cuquío,29,445,008,0138,Cuquío,0.9156626506024096,0.539938296557293,0.009179394584438103,0.3779656602929323,0.42224652355244496,0.9998303934871099,0.58809669709269,107.0,POINT (-103.02612624 20.93078191)
107,Hospitales generales del sector público,Jalisco,14,Cuquío,29,445,008,0138,Cuquío,0.9156626506024096,0.539938296557293,0.009179394584438103,0.3779656602929323,0.42224652355244496,0.9998303934871099,0.58809669709269,108.0,POINT (-103.02612624 20.93078191)
108,Hospitales generales del sector público,Puebla,21,Xicotlán,198,2391,004,0041,Xicotlán,0.9939759036144579,0.3362072275096891,0.0005919840778131339,0.38420939329248155,0.467121550178493,1.0,0.5871851576524763,109.0,POINT (-98.5251926 18.05879447)
109,Hospitales generales del sector público,Puebla,21,Xicotlán,198,2391,004,0041,Xicotlán,0.9939759036144579,0.3362072275096891,0.0005919840778131339,0.38420939329248155,0.467121550178493,1.0,0.5871851576524763,110.0,POINT (-98.5251926 18.05879447)
110,Hospitales generales del sector público,Nuevo León,19,Agualeguas,2,3,020,0264,Agualeguas,1.0,0.2636695847978565,0.0016687916710233157,0.6792029591235477,0.20803317597216087,1.0,0.5855803556237533,111.0,POINT (-99.54850051 26.31445427)
111,Hospitales generales del sector público,Nuevo León,19,Agualeguas,2,3,020,0264,Agualeguas,1.0,0.2636695847978565,0.0016687916710233157,0.6792029591235477,0.20803317597216087,1.0,0.5855803556237533,112.0,POINT (-99.54850051 26.31445427)
112,Hospitales generales del sector público,Nuevo León,19,Agualeguas,2,3,020,0264,Agualeguas,1.0,0.2636695847978565,0.0016687916710233157,0.6792029591235477,0.20803317597216087,1.0,0.5855803556237533,113.0,POINT (-99.54850051 26.31445427)
113,Hospitales generales del sector público,Nuevo León,19,Agualeguas,2,3,020,0264,Agualeguas,1.0,0.2636695847978565,0.0016687916710233157,0.6792029591235477,0.20803317597216087,1.0,0.5855803556237533,114.0,POINT (-99.54850051 26.31445427)
114,Hospitales generales del sector público,Nuevo León,19,Agualeguas,2,3,020,0264,Agualeguas,1.0,0.2636695847978565,0.0016687916710233157,0.6792029591235477,0.20803317597216087,1.0,0.5855803556237533,115.0,POINT (-99.54850051 26.31445427)
115,Hospitales generales del sector público,Nuevo León,19,Agualeguas,2,3,020,0264,Agualeguas,1.0,0.2636695847978565,0.0016687916710233157,0.6792029591235477,0.20803317597216087,1.0,0.5855803556237533,116.0,POINT (-99.54850051 26.31445427)
116,Hospitales generales del sector público,Nuevo León,19,Agualeguas,2,3,020,0264,Agualeguas,1.0,0.2636695847978565,0.0016687916710233157,0.6792029591235477,0.20803317597216087,1.0,0.5855803556237533,117.0,POINT (-99.54850051 26.31445427)
117,Hospitales generales del sector público,Nuevo León,19,Agualeguas,2,3,020,0264,Agualeguas,1.0,0.2636695847978565,0.0016687916710233157,0.6792029591235477,0.20803317597216087,1.0,0.5855803556237533,118.0,POINT (-99.54850051 26.31445427)
118,Hospitales generales del sector público,Nuevo León,19,Agualeguas,2,3,020,0264,Agualeguas,1.0,0.2636695847978565,0.0016687916710233157,0.6792029591235477,0.20803317597216087,1.0,0.5855803556237533,119.0,POINT (-99.54850051 26.31445427)
119,Hospitales generales del sector público,Jalisco,14,Bolaños,19,292,021,0131,Bolaños,0.9879518072289156,0.16032943254238105,0.003573232539981034,0.1498361593357037,0.8206233375540803,1.0,0.5853710622784983,120.0,POINT (-103.78011264 21.83147381)
120,Hospitales generales del sector público,Jalisco,14,Bolaños,19,292,021,0131,Bolaños,0.9879518072289156,0.16032943254238105,0.003573232539981034,0.1498361593357037,0.8206233375540803,1.0,0.5853710622784983,121.0,POINT (-103.78011264 21.83147381)
121,Hospitales generales del sector público,Jalisco,14,Bolaños,19,292,021,0131,Bolaños,0.9879518072289156,0.16032943254238105,0.003573232539981034,0.1498361593357037,0.8206233375540803,1.0,0.5853710622784983,122.0,POINT (-103.78011264 21.83147381)
122,Hospitales generales del sector público,Jalisco,14,Bolaños,19,292,021,0131,Bolaños,0.9879518072289156,0.16032943254238105,0.003573232539981034,0.1498361593357037,0.8206233375540803,1.0,0.5853710622784983,123.0,POINT (-103.78011264 21.83147381)
123,Hospitales generales del sector público,Jalisco,14,Bolaños,19,292,021,0131,Bolaños,0.9879518072289156,0.16032943254238105,0.003573232539981034,0.1498361593357037,0.8206233375540803,1.0,0.5853710622784983,124.0,POINT (-103.78011264 21.83147381)
124,Hospitales generales del sector público,Jalisco,14,Encarnación de Díaz,35,503,008,0296,Encarnación de Díaz,0.9216867469879518,0.587405732519492,0.027500209379254237,0.28892217325130976,0.4554813553612551,0.998303934871099,0.5851742535070534,125.0,POINT (-102.23960668 21.53363151)
125,Hospitales generales del sector público,Jalisco,14,Encarnación de Díaz,35,503,008,0296,Encarnación de Díaz,0.9216867469879518,0.587405732519492,0.027500209379254237,0.28892217325130976,0.4554813553612551,0.998303934871099,0.5851742535070534,126.0,POINT (-102.23960668 21.53363151)
126,Hospitales generales del sector público,Jalisco,14,Encarnación de Díaz,35,503,011,0296,Encarnación de Díaz,0.9156626506024096,0.587405732519492,0.027500209379254237,0.28892217325130976,0.4554813553612551,0.998303934871099,0.5836682294106679,127.0,POINT (-102.2400202 21.53304879)
127,Hospitales generales del sector público,Jalisco,14,Encarnación de Díaz,35,503,011,0296,Encarnación de Díaz,0.9156626506024096,0.587405732519492,0.027500209379254237,0.28892217325130976,0.4554813553612551,0.998303934871099,0.5836682294106679,128.0,POINT (-102.2400202 21.53304879)
128,Hospitales generales del sector público,Guerrero,12,Alcozauca de Guerrero,4,456,029,0074,Alcozauca de Guerrero,0.9578313253012049,0.004823355352630121,0.010950665045733112,0.2544098561939471,0.844801452343058,1.0,0.5830755290780717,129.0,POINT (-98.3869615 17.46868885)
129,Hospitales generales del sector público,Guerrero,12,Alcozauca de Guerrero,4,456,029,0074,Alcozauca de Guerrero,0.9578313253012049,0.004823355352630121,0.010950665045733112,0.2544098561939471,0.844801452343058,1.0,0.5830755290780717,130.0,POINT (-98.3869615 17.46868885)
130,Hospitales generales del sector público,Guerrero,12,Alcozauca de Guerrero,4,456,029,0074,Alcozauca de Guerrero,0.9578313253012049,0.004823355352630121,0.010950665045733112,0.2544098561939471,0.844801452343058,1.0,0.5830755290780717,131.0,POINT (-98.3869615 17.46868885)
131,Hospitales generales del sector público,Guerrero,12,Alcozauca de Guerrero,4,456,029,0074,Alcozauca de Guerrero,0.9578313253012049,0.004823355352630121,0.010950665045733112,0.2544098561939471,0.844801452343058,1.0,0.5830755290780717,132.0,POINT (-98.3869615 17.46868885)
132,Hospitales generales del sector público,Guerrero,12,Alcozauca de Guerrero,4,456,029,0074,Alcozauca de Guerrero,0.9578313253012049,0.004823355352630121,0.010950665045733112,0.2544098561939471,0.844801452343058,1.0,0.5830755290780717,133.0,POINT (-98.3869615 17.46868885)
133,Hospitales generales del sector público,Guerrero,12,Alcozauca de Guerrero,4,456,029,0074,Alcozauca de Guerrero,0.9578313253012049,0.004823355352630121,0.010950665045733112,0.2544098561939471,0.844801452343058,1.0,0.5830755290780717,134.0,POINT (-98.3869615 17.46868885)
134,Hospitales generales del sector público,Guerrero,12,Alcozauca de Guerrero,4,456,029,0074,Alcozauca de Guerrero,0.9578313253012049,0.004823355352630121,0.010950665045733112,0.2544098561939471,0.844801452343058,1.0,0.5830755290780717,135.0,POINT (-98.3869615 17.46868885)
135,Hospitales generales del sector público,Guerrero,12,Alcozauca de Guerrero,4,456,029,0074,Alcozauca de Guerrero,0.9578313253012049,0.004823355352630121,0.010950665045733112,0.2544098561939471,0.844801452343058,1.0,0.5830755290780717,136.0,POINT (-98.3869615 17.46868885)
136,Hospitales generales del sector público,Guerrero,12,Alcozauca de Guerrero,4,456,029,0074,Alcozauca de Guerrero,0.9578313253012049,0.004823355352630121,0.010950665045733112,0.2544098561939471,0.844801452343058,1.0,0.5830755290780717,137.0,POINT (-98.3869615 17.46868885)
137,Hospitales generales del sector público,Guerrero,12,Alcozauca de Guerrero,4,456,029,0074,Alcozauca de Guerrero,0.9578313253012049,0.004823355352630121,0.010950665045733112,0.2544098561939471,0.844801452343058,1.0,0.5830755290780717,138.0,POINT (-98.3869615 17.46868885)
138,Hospitales generales del sector público,Guerrero,12,Alcozauca de Guerrero,4,456,029,0074,Alcozauca de Guerrero,0.9578313253012049,0.004823355352630121,0.010950665045733112,0.2544098561939471,0.844801452343058,1.0,0.5830755290780717,139.0,POINT (-98.3869615 17.46868885)
139,Hospitales generales del sector público,Guerrero,12,Alcozauca de Guerrero,4,456,029,0074,Alcozauca de Guerrero,0.9578313253012049,0.004823355352630121,0.010950665045733112,0.2544098561939471,0.844801452343058,1.0,0.5830755290780717,140.0,POINT (-98.3869615 17.46868885)
140,Hospitales generales del sector público,Guerrero,12,Alcozauca de Guerrero,4,456,029,0074,Alcozauca de Guerrero,0.9578313253012049,0.004823355352630121,0.010950665045733112,0.2544098561939471,0.844801452343058,1.0,0.5830755290780717,141.0,POINT (-98.3869615 17.46868885)
141,Hospitales generales del sector público,Guerrero,12,Alcozauca de Guerrero,4,456,029,0074,Alcozauca de Guerrero,0.9578313253012049,0.004823355352630121,0.010950665045733112,0.2544098561939471,0.844801452343058,1.0,0.5830755290780717,142.0,POINT (-98.3869615 17.46868885)
142,Hospitales generales del sector público,Guerrero,12,Alcozauca de Guerrero,4,456,029,0074,Alcozauca de Guerrero,0.9578313253012049,0.004823355352630121,0.010950665045733112,0.2544098561939471,0.844801452343058,1.0,0.5830755290780717,143.0,POINT (-98.3869615 17.46868885)
143,Hospitales generales del sector público,Guerrero,12,Alcozauca de Guerrero,4,456,029,0074,Alcozauca de Guerrero,0.9578313253012049,0.004823355352630121,0.010950665045733112,0.2544098561939471,0.844801452343058,1.0,0.5830755290780717,144.0,POINT (-98.3869615 17.46868885)
144,Hospitales generales del sector público,Guerrero,12,Alcozauca de Guerrero,4,456,029,0074,Alcozauca de Guerrero,0.9578313253012049,0.004823355352630121,0.010950665045733112,0.2544098561939471,0.844801452343058,1.0,0.5830755290780717,145.0,POINT (-98.3869615 17.46868885)
145,Hospitales generales del sector público,Guerrero,12,Alcozauca de Guerrero,4,456,029,0074,Alcozauca de Guerrero,0.9578313253012049,0.004823355352630121,0.010950665045733112,0.2544098561939471,0.844801452343058,1.0,0.5830755290780717,146.0,POINT (-98.3869615 17.46868885)
146,Hospitales generales del sector público,Oaxaca,20,San Miguel del Puerto,266,2450,800,0072,Barra Copalita,1.0,0.4940908152313595,0.004357689472619176,0.28807824959913936,0.42588509841548494,1.0,0.5824437141377822,147.0,POINT (-96.05167028 15.81776714)
147,Hospitales generales del sector público,Oaxaca,20,San Andrés Lagunas,93,750,001,0030,San Andrés Lagunas,1.0,0.1509115168353596,0.00017894773529676455,0.6088979952471563,0.3393122365946398,1.0,0.5817475346606497,148.0,POINT (-97.52289807 17.57424287)
148,Hospitales generales del sector público,Jalisco,14,Villa Guerrero,115,2841,013,0123,Villa Guerrero,0.963855421686747,0.20962630266997312,0.002783573638293567,0.43496708542343243,0.5122546223136617,1.0,0.5817199952582934,149.0,POINT (-103.59249316 21.98175409)
149,Hospitales generales del sector público,Jalisco,14,Villa Guerrero,115,2841,013,0123,Villa Guerrero,0.963855421686747,0.20962630266997312,0.002783573638293567,0.43496708542343243,0.5122546223136617,1.0,0.5817199952582934,150.0,POINT (-103.59249316 21.98175409)
150,Hospitales generales del sector público,Jalisco,14,Villa Guerrero,115,2841,013,0123,Villa Guerrero,0.963855421686747,0.20962630266997312,0.002783573638293567,0.43496708542343243,0.5122546223136617,1.0,0.5817199952582934,151.0,POINT (-103.59249316 21.98175409)
151,Hospitales generales del sector público,Jalisco,14,Villa Guerrero,115,2841,013,0123,Villa Guerrero,0.963855421686747,0.20962630266997312,0.002783573638293567,0.43496708542343243,0.5122546223136617,1.0,0.5817199952582934,152.0,POINT (-103.59249316 21.98175409)
152,Hospitales generales del sector público,Jalisco,14,Villa Guerrero,115,2841,013,0123,Villa Guerrero,0.963855421686747,0.20962630266997312,0.002783573638293567,0.43496708542343243,0.5122546223136617,1.0,0.5817199952582934,153.0,POINT (-103.59249316 21.98175409)
153,Hospitales generales del sector público,Jalisco,14,Villa Guerrero,115,2841,013,0123,Villa Guerrero,0.963855421686747,0.20962630266997312,0.002783573638293567,0.43496708542343243,0.5122546223136617,1.0,0.5817199952582934,154.0,POINT (-103.59249316 21.98175409)
154,Hospitales generales del sector público,Jalisco,14,Villa Guerrero,115,2841,013,0123,Villa Guerrero,0.963855421686747,0.20962630266997312,0.002783573638293567,0.43496708542343243,0.5122546223136617,1.0,0.5817199952582934,155.0,POINT (-103.59249316 21.98175409)
155,Hospitales generales del sector público,Puebla,21,Teopantlán,159,2033,004,0062,Teopantlán,0.9819277108433735,0.1223686437699941,0.0019049610658626501,0.721154023731929,0.26603793008001164,1.0,0.5816625051561723,156.0,POINT (-98.26248031 18.71253486)
156,Hospitales generales del sector público,Puebla,21,Teopantlán,159,2033,004,0062,Teopantlán,0.9819277108433735,0.1223686437699941,0.0019049610658626501,0.721154023731929,0.26603793008001164,1.0,0.5816625051561723,157.0,POINT (-98.26248031 18.71253486)
157,Hospitales generales del sector público,Puebla,21,Teopantlán,159,2033,004,0062,Teopantlán,0.9819277108433735,0.1223686437699941,0.0019049610658626501,0.721154023731929,0.26603793008001164,1.0,0.5816625051561723,158.0,POINT (-98.26248031 18.71253486)
158,Hospitales generales del sector público,Puebla,21,Teopantlán,159,2033,004,0062,Teopantlán,0.9819277108433735,0.1223686437699941,0.0019049610658626501,0.721154023731929,0.26603793008001164,1.0,0.5816625051561723,159.0,POINT (-98.26248031 18.71253486)
159,Hospitales generales del sector público,Oaxaca,20,San Miguel del Puerto,266,2450,029,0072,Barra Copalita,0.9879518072289156,0.4940908152313595,0.004357689472619176,0.28807824959913936,0.42588509841548494,1.0,0.579431665945011,160.0,POINT (-96.0625794 15.81941048)
160,Hospitales generales del sector público,Veracruz de Ignacio de la Llave,30,Lerdo de Tejada,97,2222,004,0160,Lerdo de Tejada,0.9156626506024096,0.5950674180671354,0.009857211151565091,0.5408474438826394,0.1821884661813819,0.9988127544097694,0.5792142644419195,161.0,POINT (-95.51533157 18.63296528)
161,Hospitales generales del sector público,Veracruz de Ignacio de la Llave,30,Lerdo de Tejada,97,2222,004,0160,Lerdo de Tejada,0.9156626506024096,0.5950674180671354,0.009857211151565091,0.5408474438826394,0.1821884661813819,0.9988127544097694,0.5792142644419195,162.0,POINT (-95.51533157 18.63296528)
162,Hospitales generales del sector privado,Jalisco,14,Encarnación de Díaz,35,502,049,0188,Encarnación de Díaz,0.891566265060241,0.587405732519492,0.027500209379254237,0.28892217325130976,0.4554813553612551,0.998303934871099,0.5776441330251256,163.0,POINT (-102.24172607 21.52826197)
163,Hospitales generales del sector privado,Jalisco,14,Encarnación de Díaz,35,502,049,0188,Encarnación de Díaz,0.891566265060241,0.587405732519492,0.027500209379254237,0.28892217325130976,0.4554813553612551,0.998303934871099,0.5776441330251256,164.0,POINT (-102.24172607 21.52826197)
164,Hospitales generales del sector público,Oaxaca,20,Santiago Nejapilla,479,2076,001,0029,Santiago Nejapilla,1.0,0.07600562155493393,0.0,0.9782421758851253,0.0,1.0,0.576885360915168,165.0,POINT (-97.37309252 17.42037026)
165,Hospitales generales del sector público,Oaxaca,20,Santiago Nejapilla,479,2076,001,0029,Santiago Nejapilla,1.0,0.07600562155493393,0.0,0.9782421758851253,0.0,1.0,0.576885360915168,166.0,POINT (-97.37309252 17.42037026)
166,Hospitales generales del sector público,Oaxaca,20,Santiago Nejapilla,479,2076,001,0029,Santiago Nejapilla,1.0,0.07600562155493393,0.0,0.9782421758851253,0.0,1.0,0.576885360915168,167.0,POINT (-97.37309252 17.42037026)
167,Hospitales generales del sector público,Oaxaca,20,Santiago Nejapilla,479,2076,001,0029,Santiago Nejapilla,1.0,0.07600562155493393,0.0,0.9782421758851253,0.0,1.0,0.576885360915168,168.0,POINT (-97.37309252 17.42037026)
168,Hospitales generales del sector privado,Jalisco,14,Encarnación de Díaz,35,508,004,0188,Encarnación de Díaz,0.8855421686746988,0.587405732519492,0.027500209379254237,0.28892217325130976,0.4554813553612551,0.998303934871099,0.5761381089287401,169.0,POINT (-102.24027876 21.52592344)
169,Hospitales generales del sector privado,Jalisco,14,Encarnación de Díaz,35,508,004,0188,Encarnación de Díaz,0.8855421686746988,0.587405732519492,0.027500209379254237,0.28892217325130976,0.4554813553612551,0.998303934871099,0.5761381089287401,170.0,POINT (-102.24027876 21.52592344)
170,Hospitales generales del sector privado,México,15,Ixtlahuaca,42,2233,008,0399,San Pedro la Cabecera,0.9819277108433735,0.571536472802193,0.08321329789752017,0.20029773016572838,0.4292953487356024,0.9996607869742198,0.5748569634054097,171.0,POINT (-99.75326808 19.56851225)
171,Hospitales generales del sector privado,México,15,Ixtlahuaca,42,2233,008,0399,San Pedro la Cabecera,0.9819277108433735,0.571536472802193,0.08321329789752017,0.20029773016572838,0.4292953487356024,0.9996607869742198,0.5748569634054097,172.0,POINT (-99.75326808 19.56851225)
172,Hospitales generales del sector privado,México,15,Ixtlahuaca,42,2233,008,0399,San Pedro la Cabecera,0.9819277108433735,0.571536472802193,0.08321329789752017,0.20029773016572838,0.4292953487356024,0.9996607869742198,0.5748569634054097,173.0,POINT (-99.75326808 19.56851225)
173,Hospitales generales del sector privado,México,15,Ixtlahuaca,42,2233,008,0399,San Pedro la Cabecera,0.9819277108433735,0.571536472802193,0.08321329789752017,0.20029773016572838,0.4292953487356024,0.9996607869742198,0.5748569634054097,174.0,POINT (-99.75326808 19.56851225)
174,Hospitales generales del sector privado,México,15,Ixtlahuaca,42,2233,008,0399,San Pedro la Cabecera,0.9819277108433735,0.571536472802193,0.08321329789752017,0.20029773016572838,0.4292953487356024,0.9996607869742198,0.5748569634054097,175.0,POINT (-99.75326808 19.56851225)
175,Hospitales generales del sector público,Oaxaca,20,San Antonio Huitepec,108,782,037,004A,San Antonio Huitepec,0.9879518072289156,0.02444848084327999,0.001436783851423441,0.5447895023606203,0.4723568868450926,1.0,0.5747072431017939,176.0,POINT (-97.14244496 16.92847549)
176,Hospitales generales del sector público,Oaxaca,20,San Antonio Huitepec,108,782,037,004A,San Antonio Huitepec,0.9879518072289156,0.02444848084327999,0.001436783851423441,0.5447895023606203,0.4723568868450926,1.0,0.5747072431017939,177.0,POINT (-97.14244496 16.92847549)
177,Hospitales generales del sector público,Durango,10,Mezquital,14,796,033,0870,San Francisco del Mezquital,0.9939759036144579,0.0008436474846903086,0.025182211970875217,0.09956384504389458,0.9176960999079751,0.9994911804613297,0.5737190016202822,178.0,POINT (-104.39221237 23.47664476)
178,Hospitales generales del sector público,Durango,10,Mezquital,14,796,033,0870,San Francisco del Mezquital,0.9939759036144579,0.0008436474846903086,0.025182211970875217,0.09956384504389458,0.9176960999079751,0.9994911804613297,0.5737190016202822,179.0,POINT (-104.39221237 23.47664476)
179,Hospitales generales del sector público,Durango,10,Mezquital,14,796,033,0870,San Francisco del Mezquital,0.9939759036144579,0.0008436474846903086,0.025182211970875217,0.09956384504389458,0.9176960999079751,0.9994911804613297,0.5737190016202822,180.0,POINT (-104.39221237 23.47664476)
180,Hospitales generales del sector público,Durango,10,Mezquital,14,796,033,0870,San Francisco del Mezquital,0.9939759036144579,0.0008436474846903086,0.025182211970875217,0.09956384504389458,0.9176960999079751,0.9994911804613297,0.5737190016202822,181.0,POINT (-104.39221237 23.47664476)
181,Hospitales generales del sector público,Durango,10,Mezquital,14,796,033,0870,San Francisco del Mezquital,0.9939759036144579,0.0008436474846903086,0.025182211970875217,0.09956384504389458,0.9176960999079751,0.9994911804613297,0.5737190016202822,182.0,POINT (-104.39221237 23.47664476)
182,Hospitales generales del sector público,Durango,10,Mezquital,14,796,033,0870,San Francisco del Mezquital,0.9939759036144579,0.0008436474846903086,0.025182211970875217,0.09956384504389458,0.9176960999079751,0.9994911804613297,0.5737190016202822,183.0,POINT (-104.39221237 23.47664476)
183,Hospitales generales del sector público,Durango,10,Mezquital,14,796,033,0870,San Francisco del Mezquital,0.9939759036144579,0.0008436474846903086,0.025182211970875217,0.09956384504389458,0.9176960999079751,0.9994911804613297,0.5737190016202822,184.0,POINT (-104.39221237 23.47664476)
184,Hospitales generales del sector público,Durango,10,Mezquital,14,796,033,0870,San Francisco del Mezquital,0.9939759036144579,0.0008436474846903086,0.025182211970875217,0.09956384504389458,0.9176960999079751,0.9994911804613297,0.5737190016202822,185.0,POINT (-104.39221237 23.47664476)
185,Hospitales generales del sector público,Durango,10,Mezquital,14,796,033,0870,San Francisco del Mezquital,0.9939759036144579,0.0008436474846903086,0.025182211970875217,0.09956384504389458,0.9176960999079751,0.9994911804613297,0.5737190016202822,186.0,POINT (-104.39221237 23.47664476)
186,Hospitales generales del sector público,Durango,10,Mezquital,14,796,033,0870,San Francisco del Mezquital,0.9939759036144579,0.0008436474846903086,0.025182211970875217,0.09956384504389458,0.9176960999079751,0.9994911804613297,0.5737190016202822,187.0,POINT (-104.39221237 23.47664476)
187,Hospitales generales del sector público,Durango,10,Mezquital,14,796,033,0870,San Francisco del Mezquital,0.9939759036144579,0.0008436474846903086,0.025182211970875217,0.09956384504389458,0.9176960999079751,0.9994911804613297,0.5737190016202822,188.0,POINT (-104.39221237 23.47664476)
188,Hospitales generales del sector público,Durango,10,Mezquital,14,796,033,0870,San Francisco del Mezquital,0.9939759036144579,0.0008436474846903086,0.025182211970875217,0.09956384504389458,0.9176960999079751,0.9994911804613297,0.5737190016202822,189.0,POINT (-104.39221237 23.47664476)
189,Hospitales generales del sector público,Durango,10,Mezquital,14,796,033,0870,San Francisco del Mezquital,0.9939759036144579,0.0008436474846903086,0.025182211970875217,0.09956384504389458,0.9176960999079751,0.9994911804613297,0.5737190016202822,190.0,POINT (-104.39221237 23.47664476)
190,Hospitales generales del sector público,Durango,10,Mezquital,14,796,033,0870,San Francisco del Mezquital,0.9939759036144579,0.0008436474846903086,0.025182211970875217,0.09956384504389458,0.9176960999079751,0.9994911804613297,0.5737190016202822,191.0,POINT (-104.39221237 23.47664476)
191,Hospitales generales del sector público,Durango,10,Mezquital,14,796,033,0870,San Francisco del Mezquital,0.9939759036144579,0.0008436474846903086,0.025182211970875217,0.09956384504389458,0.9176960999079751,0.9994911804613297,0.5737190016202822,192.0,POINT (-104.39221237 23.47664476)
192,Hospitales generales del sector público,Durango,10,Mezquital,14,796,033,0870,San Francisco del Mezquital,0.9939759036144579,0.0008436474846903086,0.025182211970875217,0.09956384504389458,0.9176960999079751,0.9994911804613297,0.5737190016202822,193.0,POINT (-104.39221237 23.47664476)
193,Hospitales generales del sector público,Durango,10,Mezquital,14,796,033,0870,San Francisco del Mezquital,0.9939759036144579,0.0008436474846903086,0.025182211970875217,0.09956384504389458,0.9176960999079751,0.9994911804613297,0.5737190016202822,194.0,POINT (-104.39221237 23.47664476)
194,Hospitales generales del sector público,Durango,10,Mezquital,14,796,033,0870,San Francisco del Mezquital,0.9939759036144579,0.0008436474846903086,0.025182211970875217,0.09956384504389458,0.9176960999079751,0.9994911804613297,0.5737190016202822,195.0,POINT (-104.39221237 23.47664476)
195,Hospitales generales del sector público,Durango,10,Mezquital,14,796,033,0870,San Francisco del Mezquital,0.9939759036144579,0.0008436474846903086,0.025182211970875217,0.09956384504389458,0.9176960999079751,0.9994911804613297,0.5737190016202822,196.0,POINT (-104.39221237 23.47664476)
196,Hospitales generales del sector público,Durango,10,Mezquital,14,796,033,0870,San Francisco del Mezquital,0.9939759036144579,0.0008436474846903086,0.025182211970875217,0.09956384504389458,0.9176960999079751,0.9994911804613297,0.5737190016202822,197.0,POINT (-104.39221237 23.47664476)
197,Hospitales generales del sector público,Durango,10,Mezquital,14,796,033,0870,San Francisco del Mezquital,0.9939759036144579,0.0008436474846903086,0.025182211970875217,0.09956384504389458,0.9176960999079751,0.9994911804613297,0.5737190016202822,198.0,POINT (-104.39221237 23.47664476)
198,Hospitales generales del sector público,Durango,10,Mezquital,14,796,033,0870,San Francisco del Mezquital,0.9939759036144579,0.0008436474846903086,0.025182211970875217,0.09956384504389458,0.9176960999079751,0.9994911804613297,0.5737190016202822,199.0,POINT (-104.39221237 23.47664476)
199,Hospitales generales del sector público,Durango,10,Mezquital,14,796,033,0870,San Francisco del Mezquital,0.9939759036144579,0.0008436474846903086,0.025182211970875217,0.09956384504389458,0.9176960999079751,0.9994911804613297,0.5737190016202822,200.0,POINT (-104.39221237 23.47664476)
